-- MySQL dump 10.13  Distrib 8.0.17, for Linux (x86_64)
--
-- Host: localhost    Database: partymaker
-- ------------------------------------------------------
-- Server version	8.0.17

/*!40101 SET @OLD_CHARACTER_SET_CLIENT=@@CHARACTER_SET_CLIENT */;
/*!40101 SET @OLD_CHARACTER_SET_RESULTS=@@CHARACTER_SET_RESULTS */;
/*!40101 SET @OLD_COLLATION_CONNECTION=@@COLLATION_CONNECTION */;
/*!50503 SET NAMES utf8mb4 */;
/*!40103 SET @OLD_TIME_ZONE=@@TIME_ZONE */;
/*!40103 SET TIME_ZONE='+00:00' */;
/*!40014 SET @OLD_UNIQUE_CHECKS=@@UNIQUE_CHECKS, UNIQUE_CHECKS=0 */;
/*!40014 SET @OLD_FOREIGN_KEY_CHECKS=@@FOREIGN_KEY_CHECKS, FOREIGN_KEY_CHECKS=0 */;
/*!40101 SET @OLD_SQL_MODE=@@SQL_MODE, SQL_MODE='NO_AUTO_VALUE_ON_ZERO' */;
/*!40111 SET @OLD_SQL_NOTES=@@SQL_NOTES, SQL_NOTES=0 */;

--
-- Table structure for table `accounts`
--

DROP TABLE IF EXISTS `accounts`;
/*!40101 SET @saved_cs_client     = @@character_set_client */;
/*!50503 SET character_set_client = utf8mb4 */;
CREATE TABLE `accounts` (
  `id` int(10) unsigned NOT NULL AUTO_INCREMENT,
  `user_id` int(10) unsigned DEFAULT NULL,
  `instagram` varchar(60) DEFAULT NULL,
  `facebook` varchar(60) DEFAULT NULL,
  `telegram` varchar(60) DEFAULT NULL,
  `skype` varchar(60) DEFAULT NULL,
  `created_at` datetime DEFAULT NULL,
  `updated_at` datetime DEFAULT NULL,
  PRIMARY KEY (`id`),
  KEY `accounts_user_id_foreign` (`user_id`),
  CONSTRAINT `accounts_user_id_foreign` FOREIGN KEY (`user_id`) REFERENCES `users` (`id`) ON DELETE CASCADE
) ENGINE=InnoDB DEFAULT CHARSET=utf8 COLLATE=utf8_general_ci;
/*!40101 SET character_set_client = @saved_cs_client */;

--
-- Dumping data for table `accounts`
--

LOCK TABLES `accounts` WRITE;
/*!40000 ALTER TABLE `accounts` DISABLE KEYS */;
/*!40000 ALTER TABLE `accounts` ENABLE KEYS */;
UNLOCK TABLES;

--
-- Table structure for table `additional_services`
--

DROP TABLE IF EXISTS `additional_services`;
/*!40101 SET @saved_cs_client     = @@character_set_client */;
/*!50503 SET character_set_client = utf8mb4 */;
CREATE TABLE `additional_services` (
  `id` int(10) unsigned NOT NULL AUTO_INCREMENT,
  `title` varchar(255) DEFAULT NULL,
  `price` double DEFAULT NULL,
  `description` varchar(255) DEFAULT NULL,
  `place_id` int(10) unsigned DEFAULT NULL,
  `created_at` datetime DEFAULT NULL,
  `updated_at` datetime DEFAULT NULL,
  PRIMARY KEY (`id`),
  UNIQUE KEY `additional_services_title_place_id_unique` (`title`,`place_id`),
  KEY `additional_services_place_id_foreign` (`place_id`),
  CONSTRAINT `additional_services_place_id_foreign` FOREIGN KEY (`place_id`) REFERENCES `places` (`id`) ON DELETE CASCADE
) ENGINE=InnoDB AUTO_INCREMENT=25 DEFAULT CHARSET=utf8 COLLATE=utf8_general_ci;
/*!40101 SET character_set_client = @saved_cs_client */;

--
-- Dumping data for table `additional_services`
--

LOCK TABLES `additional_services` WRITE;
/*!40000 ALTER TABLE `additional_services` DISABLE KEYS */;
INSERT INTO `additional_services` VALUES (6,'Аренда беседок',150,'Беседки рассчитаны на 8, 10, 12, 30 и 70 человек.',10,'2019-11-28 15:22:47','2020-02-02 11:53:36'),(9,'День Рождения на роликах  1-6 гостей / час',700,'',63,'2020-01-29 15:12:39','2020-01-29 15:56:09'),(10,'День Рождения на роликах  7-10 гостей / час',1000,'',63,'2020-01-29 15:12:39','2020-01-29 15:56:09'),(11,'День Рождения на роликах  11-15 гостей/ час',1300,'',63,'2020-01-29 15:12:39','2020-01-29 15:56:09'),(16,'Кафе',NULL,'',71,'2020-01-30 13:00:22','2020-01-30 13:36:02'),(17,'Бар',NULL,'',71,'2020-01-30 13:00:22','2020-01-30 13:36:02'),(18,' День рождения',NULL,'',71,'2020-01-30 13:00:22','2020-01-30 13:36:02'),(19,' Детский праздник ',NULL,'',71,'2020-01-30 13:00:22','2020-01-30 13:36:02'),(20,'Проведение мероприятий',NULL,'',71,'2020-01-30 13:00:22','2020-01-30 13:36:02'),(21,'Бар',NULL,'',76,'2020-01-30 19:18:02','2020-01-30 19:22:28'),(22,'Европейская и японская кухня',NULL,'',76,'2020-01-30 19:18:02','2020-01-30 19:22:28'),(23,'Кальяны',NULL,'',76,'2020-01-30 19:22:03','2020-01-30 19:22:28'),(24,'',NULL,'',10,'2020-02-02 11:53:36','2020-02-02 11:53:36');
/*!40000 ALTER TABLE `additional_services` ENABLE KEYS */;
UNLOCK TABLES;

--
-- Table structure for table `adonis_schema`
--

DROP TABLE IF EXISTS `adonis_schema`;
/*!40101 SET @saved_cs_client     = @@character_set_client */;
/*!50503 SET character_set_client = utf8mb4 */;
CREATE TABLE `adonis_schema` (
  `id` int(10) unsigned NOT NULL AUTO_INCREMENT,
  `name` varchar(255) DEFAULT NULL,
  `batch` int(11) DEFAULT NULL,
  `migration_time` timestamp NULL DEFAULT CURRENT_TIMESTAMP,
  PRIMARY KEY (`id`)
) ENGINE=InnoDB AUTO_INCREMENT=342 DEFAULT CHARSET=utf8 COLLATE=utf8_general_ci;
/*!40101 SET character_set_client = @saved_cs_client */;

--
-- Dumping data for table `adonis_schema`
--

LOCK TABLES `adonis_schema` WRITE;
/*!40000 ALTER TABLE `adonis_schema` DISABLE KEYS */;
INSERT INTO `adonis_schema` VALUES (323,'1514448267674_user',1,'2019-10-05 20:26:20'),(324,'1523248427886_token',1,'2019-10-05 20:26:20'),(325,'1550851247975_reset_token_schema',1,'2019-10-05 20:26:20'),(326,'1554518389860_entertainment_schema',1,'2019-10-05 20:26:20'),(327,'1554627056200_asset_schema',1,'2019-10-05 20:26:20'),(328,'1554629974894_place_schema',1,'2019-10-05 20:26:20'),(329,'1554630020426_room_schema',1,'2019-10-05 20:26:20'),(330,'1554630052481_message_schema',1,'2019-10-05 20:26:20'),(331,'1554630190253_social_schema',1,'2019-10-05 20:26:20'),(332,'1554631674368_account_schema',1,'2019-10-05 20:26:20'),(333,'1554646701988_order_schema',1,'2019-10-05 20:26:20'),(334,'1554876495821_room_user_schema',1,'2019-10-05 20:26:20'),(335,'1569067604262_rating_schema',1,'2019-10-05 20:26:20'),(336,'1569072186819_comment_schema',1,'2019-10-05 20:26:20'),(337,'1569076271949_photo_schema',1,'2019-10-05 20:26:20'),(338,'1569091214873_contact_schema',1,'2019-10-05 20:26:20'),(339,'1574623986341_requirements_schema',2,'2019-11-24 19:46:15'),(340,'1574881868127_price_schema',3,'2019-11-27 19:14:16'),(341,'1574885025428_additional_service_schema',4,'2019-11-27 20:05:39');
/*!40000 ALTER TABLE `adonis_schema` ENABLE KEYS */;
UNLOCK TABLES;

--
-- Table structure for table `assets`
--

DROP TABLE IF EXISTS `assets`;
/*!40101 SET @saved_cs_client     = @@character_set_client */;
/*!50503 SET character_set_client = utf8mb4 */;
CREATE TABLE `assets` (
  `id` int(10) unsigned NOT NULL AUTO_INCREMENT,
  `title` varchar(255) DEFAULT NULL,
  `url` varchar(255) DEFAULT NULL,
  `admin_id` int(10) unsigned NOT NULL,
  `created_at` datetime DEFAULT NULL,
  `updated_at` datetime DEFAULT NULL,
  PRIMARY KEY (`id`),
  KEY `assets_admin_id_foreign` (`admin_id`),
  CONSTRAINT `assets_admin_id_foreign` FOREIGN KEY (`admin_id`) REFERENCES `users` (`id`) ON DELETE CASCADE
) ENGINE=InnoDB AUTO_INCREMENT=366 DEFAULT CHARSET=utf8 COLLATE=utf8_general_ci;
/*!40101 SET character_set_client = @saved_cs_client */;

--
-- Dumping data for table `assets`
--

LOCK TABLES `assets` WRITE;
/*!40000 ALTER TABLE `assets` DISABLE KEYS */;
INSERT INTO `assets` VALUES (344,NULL,'/uploads/1573386390195-no-name.undefined',12,'2019-11-10 13:46:30','2019-11-10 13:46:30'),(345,NULL,'/uploads/1573386879496-no-name.undefined',12,'2019-11-10 13:54:39','2019-11-10 13:54:39'),(346,NULL,'/uploads/1573386984918-IMG_20190807_204706_01_Bokeh.jpeg',12,'2019-11-10 13:56:24','2019-11-10 13:56:24'),(347,NULL,'/uploads/1573417507415-IMG_20190807_204706_01_Bokeh.jpeg',12,'2019-11-10 22:25:07','2019-11-10 22:25:07'),(348,NULL,'/uploads/1573418418918-IMG_20190807_204706_01_Bokehundefined.jpeg',12,'2019-11-10 22:40:18','2019-11-10 22:40:18'),(349,NULL,'/uploads/1573419100296-IMG_20190807_204706_01_Bokeh.jpeg',12,'2019-11-10 22:51:43','2019-11-10 22:51:43'),(350,NULL,'/uploads/1573419326312-IMG_20190807_204706_01_Bokeh.jpeg',12,'2019-11-10 22:55:26','2019-11-10 22:55:26'),(351,NULL,'/uploads/[object Promise]',12,'2019-11-10 23:53:49','2019-11-10 23:53:49'),(352,NULL,'/uploads/[object Promise]',12,'2019-11-10 23:57:34','2019-11-10 23:57:34'),(353,NULL,'/uploads/[object Promise]',12,'2019-11-10 23:57:40','2019-11-10 23:57:40'),(354,NULL,'/uploads/1573423070508-IMG_20190807_204706_01_Bokeh.jpeg',12,'2019-11-10 23:57:50','2019-11-10 23:57:50'),(355,NULL,'/uploads/1573423272351-IMG_20190807_204706_01_Bokeh.jpeg',12,'2019-11-11 00:01:12','2019-11-11 00:01:12'),(356,NULL,'/uploads/1573423275179-IMG_20190807_204706_01_Bokeh.jpeg',12,'2019-11-11 00:01:15','2019-11-11 00:01:15'),(357,NULL,'/uploads/1573423276090-IMG_20190807_204706_01_Bokeh.jpeg',12,'2019-11-11 00:01:16','2019-11-11 00:01:16'),(358,NULL,'/uploads/1573423276743-IMG_20190807_204706_01_Bokeh.jpeg',12,'2019-11-11 00:01:16','2019-11-11 00:01:16'),(359,NULL,'/uploads/1573423334193-IMG_20190807_204706_01_Bokeh.jpeg',12,'2019-11-11 00:02:14','2019-11-11 00:02:14'),(360,NULL,'/uploads/1573423336478-IMG_20190807_204706_01_Bokeh.jpeg',12,'2019-11-11 00:02:16','2019-11-11 00:02:16'),(361,NULL,'/uploads/1573423338503-IMG_20190807_204706_01_Bokeh.jpeg',12,'2019-11-11 00:02:18','2019-11-11 00:02:18'),(362,NULL,'/uploads/1573423339123-IMG_20190807_204706_01_Bokeh.jpeg',12,'2019-11-11 00:02:19','2019-11-11 00:02:19'),(363,NULL,'/uploads/1573423340347-IMG_20190807_204706_01_Bokeh.jpeg',12,'2019-11-11 00:02:20','2019-11-11 00:02:20'),(364,NULL,'/uploads/1573423340797-IMG_20190807_204706_01_Bokeh.jpeg',12,'2019-11-11 00:02:20','2019-11-11 00:02:20'),(365,NULL,'/uploads/1573423618923-IMG_20190807_204706_01_Bokeh.jpeg',12,'2019-11-11 00:06:58','2019-11-11 00:06:58');
/*!40000 ALTER TABLE `assets` ENABLE KEYS */;
UNLOCK TABLES;

--
-- Table structure for table `comments`
--

DROP TABLE IF EXISTS `comments`;
/*!40101 SET @saved_cs_client     = @@character_set_client */;
/*!50503 SET character_set_client = utf8mb4 */;
CREATE TABLE `comments` (
  `id` int(10) unsigned NOT NULL AUTO_INCREMENT,
  `place_id` int(10) unsigned DEFAULT NULL,
  `user_id` int(10) unsigned DEFAULT NULL,
  `text` varchar(255) DEFAULT NULL,
  `created_at` datetime DEFAULT NULL,
  `updated_at` datetime DEFAULT NULL,
  PRIMARY KEY (`id`),
  KEY `comments_place_id_foreign` (`place_id`),
  KEY `comments_user_id_foreign` (`user_id`),
  CONSTRAINT `comments_place_id_foreign` FOREIGN KEY (`place_id`) REFERENCES `places` (`id`) ON DELETE CASCADE,
  CONSTRAINT `comments_user_id_foreign` FOREIGN KEY (`user_id`) REFERENCES `users` (`id`)
) ENGINE=InnoDB AUTO_INCREMENT=6 DEFAULT CHARSET=utf8 COLLATE=utf8_general_ci;
/*!40101 SET character_set_client = @saved_cs_client */;

--
-- Dumping data for table `comments`
--

LOCK TABLES `comments` WRITE;
/*!40000 ALTER TABLE `comments` DISABLE KEYS */;
INSERT INTO `comments` VALUES (5,10,3,'Четко','2019-10-06 20:31:44','2019-10-06 20:31:44');
/*!40000 ALTER TABLE `comments` ENABLE KEYS */;
UNLOCK TABLES;

--
-- Table structure for table `contacts`
--

DROP TABLE IF EXISTS `contacts`;
/*!40101 SET @saved_cs_client     = @@character_set_client */;
/*!50503 SET character_set_client = utf8mb4 */;
CREATE TABLE `contacts` (
  `id` int(10) unsigned NOT NULL AUTO_INCREMENT,
  `website_url` varchar(255) DEFAULT NULL,
  `address` varchar(255) DEFAULT NULL,
  `directions` varchar(255) DEFAULT NULL,
  `instagram_url` varchar(255) DEFAULT NULL,
  `email` varchar(255) DEFAULT NULL,
  `map_url` text,
  `phone` varchar(255) DEFAULT NULL,
  `place_id` int(10) unsigned DEFAULT NULL,
  `created_at` datetime DEFAULT NULL,
  `updated_at` datetime DEFAULT NULL,
  PRIMARY KEY (`id`),
  KEY `contacts_place_id_foreign` (`place_id`),
  CONSTRAINT `contacts_place_id_foreign` FOREIGN KEY (`place_id`) REFERENCES `places` (`id`) ON DELETE CASCADE
) ENGINE=InnoDB AUTO_INCREMENT=95 DEFAULT CHARSET=utf8 COLLATE=utf8_general_ci;
/*!40101 SET character_set_client = @saved_cs_client */;

--
-- Dumping data for table `contacts`
--

LOCK TABLES `contacts` WRITE;
/*!40000 ALTER TABLE `contacts` DISABLE KEYS */;
INSERT INTO `contacts` VALUES (8,'http://www.laser-tag.zp.ua/paintball/','г. Запорожье, ул. Ореховая Бухта 20а, яхт-клуб «Новая Волна»','на Волне','https://www.instagram.com/lazertagzp/','','https://www.google.com/maps/place/Klub+%22Blok-Post%22+Peyntbol,Lazertag,TIR,Arenda+besedok./@47.7976408,35.167646,15z/data=!4m2!3m1!1s0x0:0xd3cabe72da827682?sa=X&ved=2ahUKEwi84-S6z4flAhXQwqYKHVnnAe0Q_BIwCnoECA8QCA','+380961039348',10,'2019-10-06 15:18:13','2020-02-02 11:53:36'),(9,'https://armada.061.ua','Запорожье, Улица Лермонтова, 24',NULL,'','armadazp@gmail.com','https://www.google.com/maps/place/Armada/@47.8393507,35.1239921,15z/data=!4m2!3m1!1s0x0:0xdd839d788d171961?sa=X&ved=2ahUKEwielqTjqIjlAhVrw8QBHeupCEIQ_BIwCnoECA8QCA','+380992872233',11,'2019-10-06 22:17:54','2019-10-06 22:17:54'),(10,'https://armada.061.ua','Запорожье, Улица Лермонтова, 24',NULL,'','armadazp@gmail.com','https://www.google.com/maps/place/Armada/@47.8393507,35.1239921,15z/data=!4m2!3m1!1s0x0:0xdd839d788d171961?sa=X&ved=2ahUKEwielqTjqIjlAhVrw8QBHeupCEIQ_BIwCnoECA8QCA','+380992872233',11,'2019-10-06 22:17:59','2019-10-06 22:17:59'),(11,'https://armada.061.ua','Запорожье, Улица Лермонтова, 24','на Украине','','armadazp@gmail.com','https://www.google.com/maps/place/Armada/@47.8393507,35.1239921,15z/data=!4m2!3m1!1s0x0:0xdd839d788d171961?sa=X&ved=2ahUKEwielqTjqIjlAhVrw8QBHeupCEIQ_BIwCnoECA8QCA','+380992872233',11,'2019-10-06 22:18:00','2019-10-15 16:06:47'),(12,'https://sem.zp.ua/',' Украина, г. Запорожье, ул. Школьная, 4','','','hotelsem123@gmail.com','https://www.google.com/search?q=%D0%B1%D0%B8%D0%BB%D1%8C%D1%8F%D1%80%D0%B4%20%D0%B7%D0%B0%D0%BF%D0%BE%D1%80%D0%BE%D0%B6%D1%8C%D0%B5&oq=%D0%B1%D0%B8%D0%BB%D1%8C%D1%8F&aqs=chrome.0.69i59l2j69i57j69i61l3.1584j0j4&sourceid=chrome&ie=UTF-8&sxsrf=ACYBGNQu3VfuXFEL7HoqVTi114f3FnTKMQ:1570389597669&npsic=0&rflfq=1&rlha=0&rllag=47839183,35125086,2646&tbm=lcl&rldimm=938506653898609240&phdesc=1tf8saGVA0I&ved=2ahUKEwiA34KRrYjlAhVjysQBHbYhBtIQvS4wAXoECAoQMA&rldoc=1&tbs=lrf:!2m1!1e2!2m1!1e3!2m1!1e16!3sIAE,lf:1,lf_ui:1&rlst=f#rlfi=hd:;si:938506653898609240,y,1tf8saGVA0I;mv:[[47.89071938210176,35.19867931249996],[47.79924377958391,34.982385977539025],null,[47.84500174584985,35.09053264501949],13];tbs:lrf:!2m1!1e2!2m1!1e3!2m1!1e16!3sIAE,lf:1,lf_ui:1','+380684179904',12,'2019-10-06 22:41:26','2019-10-15 11:55:40'),(13,'http://bastion-pub.com.ua/','Центральная Крепость (ул. Правды 45А)','','https://www.instagram.com/PUB_BASTION/','contact@bastion.com','https://www.google.com/search?sa=X&biw=1100&bih=939&sxsrf=ACYBGNQe6VHF1xciQEXS6yvy9cN0uStPIA:1570392993142&q=%D0%B1%D0%B8%D0%BB%D1%8C%D1%8F%D1%80%D0%B4+%D0%B7%D0%B0%D0%BF%D0%BE%D1%80%D0%BE%D0%B6%D1%8C%D0%B5&npsic=0&rflfq=1&rlha=0&rllag=47830901,35143272,1717&tbm=lcl&ved=2ahUKEwjBgI7kuYjlAhVbw8QBHRgAA_oQjGp6BAgKEDs&tbs=lrf:!2m1!1e2!2m1!1e3!3sIAE,lf:1,lf_ui:1&rldoc=1#rlfi=hd:;si:14572612279272191033,y,OuT7cyf5ius;mv:[[47.8892119,35.2251504],[47.7749417,35.0529637]]','+380612361148',13,'2019-10-06 23:21:41','2019-10-09 20:20:05'),(14,'http://sternbier.zp.ua/','улица Ладожская, 12A, Запорожье',NULL,'','','https://www.google.com/search?sa=X&biw=1100&bih=939&sxsrf=ACYBGNQe6VHF1xciQEXS6yvy9cN0uStPIA:1570392993142&q=%D0%B1%D0%B8%D0%BB%D1%8C%D1%8F%D1%80%D0%B4+%D0%B7%D0%B0%D0%BF%D0%BE%D1%80%D0%BE%D0%B6%D1%8C%D0%B5&npsic=0&rflfq=1&rlha=0&rllag=47830901,35143272,1717&tbm=lcl&ved=2ahUKEwjBgI7kuYjlAhVbw8QBHRgAA_oQjGp6BAgKEDs&tbs=lrf:!2m1!1e2!2m1!1e3!3sIAE,lf:1,lf_ui:1&rldoc=1#rlfi=hd:;si:3859290648189454242,y,Ujt1o70tWbc;mv:[[48.00451854802913,35.246650615576186],[47.82180815416676,34.81406394565431],null,[47.913243991704604,35.03035728061525],12]','+380612892985',14,'2019-10-06 23:45:11','2019-10-06 23:45:11'),(15,'https://cubevr.com.ua/zaporozhye.html','г. Запорожье, ул. Победы, 63',NULL,'','','https://www.google.com/maps/place/CUBE/@47.8390314,35.1235606,15z/data=!4m2!3m1!1s0x0:0xb0d01a50a57d48?sa=X&ved=2ahUKEwjzqu7dxYjlAhUi0aYKHSlYAE8Q_BIwHHoECA0QCA','+380672508090',15,'2019-10-07 00:23:53','2019-10-07 00:23:53'),(16,'http://www.galaxy.org.ua',' Ул.Сталеваров, 15/ Л. Жаботинского, 29 ',NULL,'','galaxy50@ukr.net','https://www.google.com/maps?ll=47.84433,35.124181&z=14&t=m&hl=en-US&gl=UA&mapclient=embed&cid=17413405293889351208','+380612184167',16,'2019-10-07 17:05:21','2019-10-07 17:05:21'),(17,'http://www.galaxy.org.ua',' Ул.Сталеваров, 15/ Л. Жаботинского, 29 ',NULL,'','galaxy50@ukr.net','https://www.google.com/maps?ll=47.84433,35.124181&z=14&t=m&hl=en-US&gl=UA&mapclient=embed&cid=17413405293889351208','+380612184167',16,'2019-10-07 17:05:23','2019-10-07 17:05:23'),(18,'https://cubevr.com.ua/ua/zaporozhye.html','м. Запоріжжя, вул. Перемоги, 63',NULL,'',NULL,'','+380672508090',15,'2019-10-07 17:40:08','2019-10-07 17:40:08'),(19,'https://cubevr.com.ua/ua/zaporozhye.html','м. Запоріжжя, вул. Перемоги, 63',NULL,'',NULL,'https://www.google.com/maps/place/CUBE/@47.8384865,35.1357629,10.44z/data=!4m8!1m2!2m1!1sCube!3m4!1s0x40dc61ee20d302e3:0xb0d01a50a57d48!8m2!3d47.8390314!4d35.1235606?hl=en-US','+380672508090',15,'2019-10-07 17:41:56','2019-10-07 17:41:56'),(20,'http://infinity.zp.ua','Бульвар Центральный 1Б',NULL,' https://www.instagram.com/infinity_club_aktobe/?hl=ru','','https://www.google.com/maps/place/INFINITY+-+%D0%9A%D0%BE%D0%BC%D0%BF%D1%8C%D1%8E%D1%82%D0%B5%D1%80%D0%BD%D1%8B%D0%B9+%D0%BA%D0%BB%D1%83%D0%B1/@47.8367433,35.1389546,17z/data=!3m1!4b1!4m5!3m4!1s0x40dc67586896a017:0xe3f05e83daef07aa!8m2!3d47.8367397!4d35.1411433','+380504381717',19,'2019-10-07 18:35:16','2019-10-07 18:35:16'),(21,'http://infinity.zp.ua','Бульвар Центральный 1Б','',' https://www.instagram.com/infinity_club_aktobe/?hl=ru','','https://www.google.com/maps/place/INFINITY+-+%D0%9A%D0%BE%D0%BC%D0%BF%D1%8C%D1%8E%D1%82%D0%B5%D1%80%D0%BD%D1%8B%D0%B9+%D0%BA%D0%BB%D1%83%D0%B1/@47.8367433,35.1389546,17z/data=!3m1!4b1!4m5!3m4!1s0x40dc67586896a017:0xe3f05e83daef07aa!8m2!3d47.8367397!4d35.1411433','+380504381717',19,'2019-10-07 18:41:08','2019-10-09 22:27:13'),(22,'https://www.facebook.com/skynetzp','вулиця Академіка Чабаненка, 34, Запоріжжя',NULL,'https://saveig.org/skynet.club/','skynet.vn.ua@gmail.com','https://www.google.com/maps/place/Skynet,+%D0%98%D0%BD%D1%82%D0%B5%D1%80%D0%BD%D0%B5%D1%82-%D0%BA%D0%BB%D1%83%D0%B1/@47.8185843,35.1767546,17z/data=!3m1!4b1!4m5!3m4!1s0x40dc5e0bd658a281:0x9d20b30857f366e1!8m2!3d47.8185807!4d35.1789486','+380985087030',20,'2019-10-07 19:08:51','2019-10-07 19:08:51'),(23,'https://www.facebook.com/skynetzp','вулиця Академіка Чабаненка, 34, Запоріжжя',NULL,'https://www.instagram.com/skynet.club/','skynet.vn.ua@gmail.com','https://www.google.com/maps/place/Skynet,+%D0%98%D0%BD%D1%82%D0%B5%D1%80%D0%BD%D0%B5%D1%82-%D0%BA%D0%BB%D1%83%D0%B1/@47.8185843,35.1767546,17z/data=!3m1!4b1!4m5!3m4!1s0x40dc5e0bd658a281:0x9d20b30857f366e1!8m2!3d47.8185807!4d35.1789486','+380985087030',20,'2019-10-07 19:10:14','2019-10-07 19:10:14'),(24,'https://www.facebook.com/skynetzp','вулиця Академіка Чабаненка, 34, Запоріжжя',NULL,'https://www.instagram.com/skynet.club/','skynetcopy@gmail.com','https://www.google.com/maps/place/Skynet,+%D0%98%D0%BD%D1%82%D0%B5%D1%80%D0%BD%D0%B5%D1%82-%D0%BA%D0%BB%D1%83%D0%B1/@47.8185843,35.1767546,17z/data=!3m1!4b1!4m5!3m4!1s0x40dc5e0bd658a281:0x9d20b30857f366e1!8m2!3d47.8185807!4d35.1789486','+380985087030',20,'2019-10-07 19:10:26','2019-10-07 19:10:26'),(25,'https://vk.com/club72655104?w=address-72655104','г. Запорожье Портовая 2-А',NULL,'','','https://www.google.com/maps/place/%D0%A4%D0%95%D0%9D%D0%98%D0%9A%D0%A1.+%D0%98%D0%BD%D1%82%D0%B5%D1%80%D0%BD%D0%B5%D1%82+%D0%BA%D0%B0%D1%84%D0%B5/@47.8640422,35.1037451,15z/data=!4m2!3m1!1s0x0:0x1530dbbc9491ad80?sa=X&ved=2ahUKEwj90_HayYrlAhXnk4sKHWXaDtcQ_BIwCnoECAsQCA','+380961678443',21,'2019-10-07 19:33:56','2019-10-07 19:33:56'),(26,'http://console.zp.ua','г. Запорожье, ул Новокузнецкая, д 10  3-южный пески. Остановка \"Ромакс\"','','','','https://www.google.com/maps/place/%D1%83%D0%BB%D0%B8%D1%86%D0%B0+%D0%9D%D0%BE%D0%B2%D0%BE%D0%BA%D1%83%D0%B7%D0%BD%D0%B5%D1%86%D0%BA%D0%B0%D1%8F,+10,+%D0%97%D0%B0%D0%BF%D0%BE%D1%80%D0%BE%D0%B6%D1%8C%D0%B5,+%D0%97%D0%B0%D0%BF%D0%BE%D1%80%D0%BE%D0%B6%D1%81%D0%BA%D0%B0%D1%8F+%D0%BE%D0%B1%D0%BB%D0%B0%D1%81%D1%82%D1%8C,+69000/@47.7823625,35.182775,17z/data=!3m1!4b1!4m5!3m4!1s0x40dc5ef90b133e77:0x6adff36b2ca4b226!8m2!3d47.7823625!4d35.1849637','+380964967326',22,'2019-10-07 21:12:32','2020-01-29 14:16:28'),(27,'http://console.zp.ua','г. Запорожье, ул Новокузнецкая, д 10  3-южный пески. Остановка \"Ромакс\"',NULL,'','','https://www.google.com/maps/place/%D1%83%D0%BB%D0%B8%D1%86%D0%B0+%D0%9D%D0%BE%D0%B2%D0%BE%D0%BA%D1%83%D0%B7%D0%BD%D0%B5%D1%86%D0%BA%D0%B0%D1%8F,+10,+%D0%97%D0%B0%D0%BF%D0%BE%D1%80%D0%BE%D0%B6%D1%8C%D0%B5,+%D0%97%D0%B0%D0%BF%D0%BE%D1%80%D0%BE%D0%B6%D1%81%D0%BA%D0%B0%D1%8F+%D0%BE%D0%B1%D0%BB%D0%B0%D1%81%D1%82%D1%8C,+69000/@47.7823625,35.182775,17z/data=!3m1!4b1!4m5!3m4!1s0x40dc5ef90b133e77:0x6adff36b2ca4b226!8m2!3d47.7823625!4d35.1849637','+380964967326',22,'2019-10-07 21:12:33','2019-10-07 21:12:33'),(28,'http://console.zp.ua','г. Запорожье, ул Новокузнецкая, д 10  3-южный пески. Остановка \"Ромакс\"',NULL,'','','https://www.google.com/maps/place/%D1%83%D0%BB%D0%B8%D1%86%D0%B0+%D0%9D%D0%BE%D0%B2%D0%BE%D0%BA%D1%83%D0%B7%D0%BD%D0%B5%D1%86%D0%BA%D0%B0%D1%8F,+10,+%D0%97%D0%B0%D0%BF%D0%BE%D1%80%D0%BE%D0%B6%D1%8C%D0%B5,+%D0%97%D0%B0%D0%BF%D0%BE%D1%80%D0%BE%D0%B6%D1%81%D0%BA%D0%B0%D1%8F+%D0%BE%D0%B1%D0%BB%D0%B0%D1%81%D1%82%D1%8C,+69000/@47.7823625,35.182775,17z/data=!3m1!4b1!4m5!3m4!1s0x40dc5ef90b133e77:0x6adff36b2ca4b226!8m2!3d47.7823625!4d35.1849637','+380964967326',22,'2019-10-07 21:12:40','2019-10-07 21:12:40'),(29,'http://console.zp.ua','г. Запорожье, ул Новокузнецкая, д 10  3-южный пески. Остановка \"Ромакс\"',NULL,'','','https://www.google.com/maps/place/%D1%83%D0%BB%D0%B8%D1%86%D0%B0+%D0%9D%D0%BE%D0%B2%D0%BE%D0%BA%D1%83%D0%B7%D0%BD%D0%B5%D1%86%D0%BA%D0%B0%D1%8F,+10,+%D0%97%D0%B0%D0%BF%D0%BE%D1%80%D0%BE%D0%B6%D1%8C%D0%B5,+%D0%97%D0%B0%D0%BF%D0%BE%D1%80%D0%BE%D0%B6%D1%81%D0%BA%D0%B0%D1%8F+%D0%BE%D0%B1%D0%BB%D0%B0%D1%81%D1%82%D1%8C,+69000/@47.7823625,35.182775,17z/data=!3m1!4b1!4m5!3m4!1s0x40dc5ef90b133e77:0x6adff36b2ca4b226!8m2!3d47.7823625!4d35.1849637','+380964967326',22,'2019-10-07 21:12:41','2019-10-07 21:12:41'),(30,'https://gera.in.ua/stati/93-luchnyj-tir-zaporozhe','Седова 36 (ориентир магазин Арман мебель)',NULL,'','','https://www.google.com/search?q=%D0%BB%D1%83%D1%87%D0%BD%D1%8B%D0%B9%20%D1%82%D0%B8%D1%80%20%D0%B7%D0%B0%D0%BF%D0%BE%D1%80%D0%BE%D0%B6%D1%8C%D0%B5&oq=%D0%9B%D1%83%D1%87%D0%BD%D1%8B%D0%B9+&aqs=chrome.1.69i57j0l2j69i61j69i60j69i61.3103j0j4&sourceid=chrome&ie=UTF-8&sxsrf=ACYBGNSnpojeZPtg-TSzzzuWs7HKWdroNA:1570473460389&npsic=0&rflfq=1&rlha=0&rllag=47841632,35152141,1396&tbm=lcl&rldimm=13599871777201489104&ved=2ahUKEwiGgfHF5YrlAhWMyKYKHYlcCXgQvS4wAHoECAkQIA&rldoc=1&tbs=lrf:!2m1!1e2!2m1!1e3!3sIAE,lf:1,lf_ui:2&rlst=f#rlfi=hd:;si:13599871777201489104;mv:[[47.861608999999994,35.1670485],[47.828958899999996,35.0612584]];tbs:lrf:!2m1!1e2!2m1!1e3!3sIAE,lf:1,lf_ui:2','+380634562103',23,'2019-10-07 21:52:19','2019-10-07 21:52:19'),(31,'https://armada.061.ua/page/tir-armada','за ТЦ \"Украина\", ул.Лермонтова 24',NULL,'https://www.instagram.com/strelkovyiklubarmada/','armadazp@gmail.com','https://www.google.com/search?hl=ru&sxsrf=ACYBGNRHW8qGXOypU1Bnp2teaiyVwa6Mfw:1570474500462&source=hp&ei=_ImbXbXuOYuOrwS8wrW4Dg&q=%D1%82%D0%B8%D1%80%D1%8B%20%D0%B2%20%D0%B7%D0%B0%D0%BF%D0%BE%D1%80%D0%BE%D0%B6%D1%8C%D0%B5&oq=nbhs+&gs_l=psy-ab.3.0.0i10i42j0i10l9.4981.5572..6867...2.0..0.140.644.1j5......0....1..gws-wiz.....10..35i362i39j35i39i19j35i39j0i131j0j0i10i1i67i42j0i10i1j0i131i10i1i42j0i10i1i67j0i67.8sTyaa8_oVM&npsic=0&rflfq=1&rlha=0&rllag=47845989,35129910,1213&tbm=lcl&rldimm=6392865527742122073&ved=2ahUKEwiMgeq16YrlAhUtzqYKHSqQDEwQvS4wAHoECAoQIA&rldoc=1&tbs=lrf:!2m1!1e2!2m1!1e3!3sIAE,lf:1,lf_ui:2&rlst=f#rlfi=hd:;si:;mv:[[47.85107914673272,35.15184025808162],[47.828207884908494,35.097766924341386],null,[47.839644776157215,35.1248035912115],15];tbs:lrf:!2m1!1e2!2m1!1e3!3sIAE,lf:1,lf_ui:2','+380667002227',24,'2019-10-07 22:06:39','2019-10-07 22:06:39'),(32,'https://freddi.io.ua',' ул. Сергея Серикова, д. 30',' район Автовокзала, территория бывшей мельницы','','','https://www.google.com/maps?ll=47.801316,35.187562&z=15&t=m&hl=en-US&gl=US&mapclient=apiv3','+380677029151',25,'2019-10-11 15:19:33','2019-10-11 15:19:33'),(33,'https://quest-games.io.ua/',' ул. Сергея Серикова, д. 30','район автовокзала, территория бывшей мельницы','',NULL,'https://www.google.com/maps/@47.800964,35.187234,15z?hl=en-US',' +380930298634',26,'2019-10-11 16:23:54','2019-10-11 16:23:54'),(34,'https://quest.biz.ua','пр. Соборный, 198','','','','https://quest.biz.ua/cholod.html#cholod','+380983980535',27,'2019-10-11 16:30:52','2019-10-11 16:30:52'),(35,'https://quest.biz.ua/malchischnik.html#malchischnik','б-р Центральный, д. 20 ','','','','https://www.google.com/maps?ll=47.833679,35.131476&z=15&t=m&hl=en-US&gl=US&mapclient=apiv3','+380983980535',29,'2019-10-11 17:02:33','2019-10-11 17:02:33'),(36,'https://quest.biz.ua/malchischnik.html#malchischnik','б-р Центральный, д. 20 ','','','','https://www.google.com/maps?ll=47.833679,35.131476&z=15&t=m&hl=en-US&gl=US&mapclient=apiv3','+380983980535',29,'2019-10-11 17:02:52','2019-10-11 17:02:52'),(37,'https://quest.biz.ua/lara_kroft.html#lara_kroft','бул. Центральный, 20',' ост. Вознесеновский рынок ','','','','+380983980535',28,'2019-10-11 17:06:14','2019-10-11 17:06:14'),(38,'https://quest.biz.ua/lara_kroft.html#lara_kroft','бул. Центральный, 20',' ост. Вознесеновский рынок ','','','','+380983980535',28,'2019-10-11 17:07:17','2019-10-11 17:07:17'),(39,'https://thegame.in.ua/portfolio/povorot-ne-tuda/',' пр-т Соборный, д. 60 ','','','questroom@mail.ua','https://www.google.com/maps?ll=47.814537,35.179814&z=15&t=m&hl=en-US&gl=US&mapclient=apiv3','+380687777687',30,'2019-10-11 17:16:19','2019-10-11 17:16:19'),(40,'https://www.aritmiya.com.ua/quests/kvest-komnata-detective-story/','ул. Днепровская, д. 29','','','','',' +380684038170',31,'2019-10-11 17:21:28','2019-10-11 17:21:28'),(41,'https://sauna-1333.business.site/?utm_source=gmb&utm_medium=referral','Рекордна вулиця, 20А','остановка Бульвар Шевченко','','','https://www.google.com/search?sxsrf=ACYBGNSc55LrykeaeQWa0dUiVKENssWvaA:1570904665710&q=сауны+в+запорожье&npsic=0&rflfq=1&rlha=0&rllag=47839936,35158689,3175&tbm=lcl&ved=2ahUKEwiUjs30q5flAhVLGpoKHYWwD7YQtgN6BAgKEAQ&tbs=lrf:!2m1!1e2!2m1!1e3!3sIAE,lf:1,lf_ui:1&rldoc=1#rlfi=hd:;si:3798099713187770727;mv:[[47.93122936765018,35.31119162657694],[47.724016540863616,34.82024004658149]]','+380675161616',32,'2019-10-12 21:57:17','2020-01-18 12:49:00'),(42,'https://laznya.ua/users/ru/anketa.php?sauna_id=1195','вулиця Незалежної України, 55','остановка Бульвар Шевченко','','','https://www.google.com/maps/place/%D0%A1%D0%B0%D1%83%D0%BD%D0%B0+%22%D0%90%D1%82%D1%82%D0%B8%D0%BA%D0%B0%22/@47.844154,35.134374,17z/data=!3m1!4b1!4m5!3m4!1s0x40dc67826f609c41:0x915fff36e4373356!8m2!3d47.844154!4d35.136568','+380972335026',33,'2019-10-13 13:24:46','2019-10-13 13:24:46'),(43,'https://www.olx.ua/obyavlenie/banya-sauna-bannyy-kompleks-vodoley-zaporozhe-IDChpfM.html',' Офіцерська вулиця, 20','Шевченковский район','','','https://www.google.com/search?sxsrf=ACYBGNQL-w3QjJTObJp6MI-jN0R1HO9YoA:1570981301105&q=%D1%81%D0%B0%D1%83%D0%BD%D1%8B+%D0%B7%D0%B0%D0%BF%D0%BE%D1%80%D0%BE%D0%B6%D1%8C%D0%B5&npsic=0&rflfq=1&rlha=0&rllag=47830128,35174919,1605&tbm=lcl&ved=2ahUKEwiKv5qzyZnlAhUD6KYKHdJtA5kQjGp6BAgKEDc&tbs=lrf:!2m1!1e2!2m1!1e3!3sIAE,lf:1,lf_ui:1&rldoc=1#rlfi=hd:;si:14498787217865764036,y,ScDQpOkX-IM;mv:[[47.86248783854089,35.240022882079415],[47.81069359535062,35.11728498708055],null,[47.8365971797773,35.178653934579984],14]','+380962259782',34,'2019-10-13 19:09:37','2019-10-13 19:09:37'),(44,'https://caramel80.wixsite.com/banca','Космический микрорайон  ул.  Чумаченко  дом 21 Б','','','','','+380988285156',35,'2019-10-13 22:24:41','2019-10-13 22:24:41'),(45,'http://captain.net.ua/','ул. Новокузнецкая, 15Б','на песках','','','https://www.google.com/maps/place/15B,+%D1%83%D0%BB%D0%B8%D1%86%D0%B0+%D0%9D%D0%BE%D0%B2%D0%BE%D0%BA%D1%83%D0%B7%D0%BD%D0%B5%D1%86%D0%BA%D0%B0%D1%8F,+15%D0%91,+%D0%97%D0%B0%D0%BF%D0%BE%D1%80%D0%BE%D0%B6%D1%8C%D0%B5,+%D0%97%D0%B0%D0%BF%D0%BE%D1%80%D0%BE%D0%B6%D1%81%D0%BA%D0%B0%D1%8F+%D0%BE%D0%B1%D0%BB%D0%B0%D1%81%D1%82%D1%8C,+69000/@47.7826409,35.1786246,15.94z/data=!4m5!3m4!1s0x40dc5ef89868ab1d:0xf51f7036f874214c!8m2!3d47.7830998!4d35.1796709','+380987000122',36,'2019-10-13 22:54:16','2019-10-13 22:54:16'),(46,'http://captain.net.ua/','ул. Новокузнецкая, 15Б','на песках','','','https://www.google.com/maps/place/15B,+%D1%83%D0%BB%D0%B8%D1%86%D0%B0+%D0%9D%D0%BE%D0%B2%D0%BE%D0%BA%D1%83%D0%B7%D0%BD%D0%B5%D1%86%D0%BA%D0%B0%D1%8F,+15%D0%91,+%D0%97%D0%B0%D0%BF%D0%BE%D1%80%D0%BE%D0%B6%D1%8C%D0%B5,+%D0%97%D0%B0%D0%BF%D0%BE%D1%80%D0%BE%D0%B6%D1%81%D0%BA%D0%B0%D1%8F+%D0%BE%D0%B1%D0%BB%D0%B0%D1%81%D1%82%D1%8C,+69000/@47.7826409,35.1786246,15.94z/data=!4m5!3m4!1s0x40dc5ef89868ab1d:0xf51f7036f874214c!8m2!3d47.7830998!4d35.1796709','+380987000122',36,'2019-10-13 22:54:18','2019-10-13 22:54:18'),(47,'','вулиця Перша ливарна, 48/18','остановка Советская','','','','+380612894890',37,'2019-10-13 23:02:01','2019-10-13 23:02:01'),(48,'','вулиця Перша ливарна, 48/18','остановка Советская','','','','+380612894890',37,'2019-10-13 23:02:23','2019-10-13 23:02:23'),(49,NULL,'66, вулиця Гоголя, Запоріжжя, ','Напротив второго корпуса института ЗНТУ.','','','http://google.com.ua/search?source=hp&ei=kHWjXYykMKuemwXkw4DQBA&q=сауны%20запорожье&oq=сауны+з&gs_l=psy-ab.3.0.0l10.3049.6735..7478...3.0..0.92.740.9......0....1..gws-wiz.....0..0i131j0i10i1.d-jiooXQFDo&npsic=0&rflfq=1&rlha=0&rllag=47807828,35199057,3839&tbm=lcl&rldimm=5667442731566052846&phdesc=swtqKke8ynQ&ved=2ahUKEwiljNmZ95nlAhVtwsQBHUSoAfYQvS4wAnoECAoQLw&rldoc=1&tbs=lrf:!2m1!1e2!2m1!1e3!3sIAE,lf:1,lf_ui:1&rlst=f#rlfi=hd:;si:11962887997329845042,y,NLqfrumoZn8;mv:[[47.873981799733066,35.21751920046154],[47.77036451729781,35.03624656755346]];tbs:lrf:!2m1!1e2!2m1!1e3!3sIAE,lf:1,lf_ui:1','+380991101914',38,'2019-10-13 23:17:22','2019-10-13 23:17:22'),(50,NULL,'66, вулиця Гоголя, Запоріжжя, ','Напротив второго корпуса института ЗНТУ.','','','http://google.com.ua/search?source=hp&ei=kHWjXYykMKuemwXkw4DQBA&q=сауны%20запорожье&oq=сауны+з&gs_l=psy-ab.3.0.0l10.3049.6735..7478...3.0..0.92.740.9......0....1..gws-wiz.....0..0i131j0i10i1.d-jiooXQFDo&npsic=0&rflfq=1&rlha=0&rllag=47807828,35199057,3839&tbm=lcl&rldimm=5667442731566052846&phdesc=swtqKke8ynQ&ved=2ahUKEwiljNmZ95nlAhVtwsQBHUSoAfYQvS4wAnoECAoQLw&rldoc=1&tbs=lrf:!2m1!1e2!2m1!1e3!3sIAE,lf:1,lf_ui:1&rlst=f#rlfi=hd:;si:11962887997329845042,y,NLqfrumoZn8;mv:[[47.873981799733066,35.21751920046154],[47.77036451729781,35.03624656755346]];tbs:lrf:!2m1!1e2!2m1!1e3!3sIAE,lf:1,lf_ui:1','+380991101914',38,'2019-10-13 23:17:42','2019-10-13 23:17:42'),(51,'https://pool-hall-avrora.business.site/','вулиця Комарова, 9','на Космосе','','','https://www.google.com/maps/place/%D0%91%D0%B8%D0%BB%D1%8C%D1%8F%D1%80%D0%B4%D0%BD%D1%8B%D0%B9+%D0%BA%D0%BB%D1%83%D0%B1+%22%D0%90%D0%92%D0%A0%D0%9E%D0%A0%D0%90%22/@47.7810633,35.2094253,15z/data=!4m2!3m1!1s0x0:0xcf6eb8032e97189c?sa=X&ved=2ahUKEwjVoLyz8J3lAhXSwAIHHbNqCT0Q_BIwCnoECA8QCA','+380999512445',39,'2019-10-15 11:54:43','2019-10-15 11:54:43'),(52,'https://pool-hall-avrora.business.site/','вулиця Комарова, 9','на Космосе','','','https://www.google.com/maps/place/%D0%91%D0%B8%D0%BB%D1%8C%D1%8F%D1%80%D0%B4%D0%BD%D1%8B%D0%B9+%D0%BA%D0%BB%D1%83%D0%B1+%22%D0%90%D0%92%D0%A0%D0%9E%D0%A0%D0%90%22/@47.7810633,35.2094253,15z/data=!4m2!3m1!1s0x0:0xcf6eb8032e97189c?sa=X&ved=2ahUKEwjVoLyz8J3lAhXSwAIHHbNqCT0Q_BIwCnoECA8QCA','+380999512445',39,'2019-10-15 11:54:49','2019-10-15 11:54:49'),(53,'https://paintball-kamelot.business.site/?utm_source=gmb&utm_medium=referral&gclid=Cj0KCQjw3JXtBRC8ARIsAEBHg4nmpWPC2kICCE9XB0wUzdnRIySCVfb-moB85DwptRUI00NlAihS5SgaAu90EALw_wcB','Братська вулиця, 49а','Осипенковский район','','','https://www.google.com/maps/place/%D0%9F%D0%B5%D0%B9%D0%BD%D1%82%D0%B1%D0%BE%D0%BB%D1%8C%D0%BD%D1%8B%D0%B9+%D0%BA%D0%BB%D1%83%D0%B1+%22%D0%9A%D0%B0%D0%BC%D0%B5%D0%BB%D0%BE%D1%82%22/@47.8791118,35.0282771,14.54z/data=!4m5!3m4!1s0x40dc65b652686b0f:0xa0d3b873c46a9bb2!8m2!3d47.8813016!4d35.0293235','+38999071169',40,'2019-10-15 12:57:10','2019-10-15 12:57:10'),(54,'https://paintball-kamelot.business.site/?utm_source=gmb&utm_medium=referral&gclid=Cj0KCQjw3JXtBRC8ARIsAEBHg4nmpWPC2kICCE9XB0wUzdnRIySCVfb-moB85DwptRUI00NlAihS5SgaAu90EALw_wcB','Братська вулиця, 49а','Осипенковский район','','','https://www.google.com/maps/place/%D0%9F%D0%B5%D0%B9%D0%BD%D1%82%D0%B1%D0%BE%D0%BB%D1%8C%D0%BD%D1%8B%D0%B9+%D0%BA%D0%BB%D1%83%D0%B1+%22%D0%9A%D0%B0%D0%BC%D0%B5%D0%BB%D0%BE%D1%82%22/@47.8791118,35.0282771,14.54z/data=!4m5!3m4!1s0x40dc65b652686b0f:0xa0d3b873c46a9bb2!8m2!3d47.8813016!4d35.0293235','+38999071169',40,'2019-10-15 12:57:19','2019-10-15 12:57:19'),(55,'http://www.granit-club.com/','ул. Ленская 5 ДОЦ \"Чайка\"','Маршрутное такси №21, Диагональное Владимирское, остановка Великолужская','','','https://www.google.com/search?sxsrf=ACYBGNSYMLgEHr4ozJvbZ59wLaQpLqKLVg:1571132735432&q=%D0%BF%D0%B5%D0%B9%D0%BD%D1%82%D0%B1%D0%BE%D0%BB+%D0%B7%D0%B0%D0%BF%D0%BE%D1%80%D0%BE%D0%B6%D1%8C%D0%B5&npsic=0&rflfq=1&rlha=0&rllag=47855473,35130002,7012&tbm=lcl&ved=2ahUKEwjli9zE_Z3lAhVs_SoKHYWlC2QQjGp6BAgKEDw&tbs=lrf:!2m1!1e2!2m1!1e3!2m1!1e16!3sIAE,lf:1,lf_ui:1&rldoc=1#rlfi=hd:;si:1005132097208240753,l,CiPQv9C10LnQvdGC0LHQvtC7INC30LDQv9C-0YDQvtC20YzQtRntrnQ8sbRVk1oSChDQv9C10LnQvdGC0LHQvtC7,y,HeT0tKPv_YE;mv:[[47.9207338,35.269072099999995],[47.782087399999995,35.0435979]]','+38068861771',41,'2019-10-15 13:24:50','2019-10-15 13:24:50'),(56,'http://www.granit-club.com/','ул. Ленская 5 ДОЦ \"Чайка\"','Маршрутное такси №21, Диагональное Владимирское, остановка Великолужская','','paintball_zp@ukr.net','https://www.google.com/search?sxsrf=ACYBGNSYMLgEHr4ozJvbZ59wLaQpLqKLVg:1571132735432&q=%D0%BF%D0%B5%D0%B9%D0%BD%D1%82%D0%B1%D0%BE%D0%BB+%D0%B7%D0%B0%D0%BF%D0%BE%D1%80%D0%BE%D0%B6%D1%8C%D0%B5&npsic=0&rflfq=1&rlha=0&rllag=47855473,35130002,7012&tbm=lcl&ved=2ahUKEwjli9zE_Z3lAhVs_SoKHYWlC2QQjGp6BAgKEDw&tbs=lrf:!2m1!1e2!2m1!1e3!2m1!1e16!3sIAE,lf:1,lf_ui:1&rldoc=1#rlfi=hd:;si:1005132097208240753,l,CiPQv9C10LnQvdGC0LHQvtC7INC30LDQv9C-0YDQvtC20YzQtRntrnQ8sbRVk1oSChDQv9C10LnQvdGC0LHQvtC7,y,HeT0tKPv_YE;mv:[[47.9207338,35.269072099999995],[47.782087399999995,35.0435979]]','+38068861771',41,'2019-10-15 13:25:10','2019-10-15 13:25:10'),(57,'http://www.granit-club.com/index.php?do=static&page=price','ул. Ленская 5 ДОЦ \"Чайка\"','Маршрутное такси №21, Диагональное Владимирское, остановка Великолужская','','paintball_zp@ukr.net','https://www.google.com/search?sxsrf=ACYBGNSYMLgEHr4ozJvbZ59wLaQpLqKLVg:1571132735432&q=%D0%BF%D0%B5%D0%B9%D0%BD%D1%82%D0%B1%D0%BE%D0%BB+%D0%B7%D0%B0%D0%BF%D0%BE%D1%80%D0%BE%D0%B6%D1%8C%D0%B5&npsic=0&rflfq=1&rlha=0&rllag=47855473,35130002,7012&tbm=lcl&ved=2ahUKEwjli9zE_Z3lAhVs_SoKHYWlC2QQjGp6BAgKEDw&tbs=lrf:!2m1!1e2!2m1!1e3!2m1!1e16!3sIAE,lf:1,lf_ui:1&rldoc=1#rlfi=hd:;si:1005132097208240753,l,CiPQv9C10LnQvdGC0LHQvtC7INC30LDQv9C-0YDQvtC20YzQtRntrnQ8sbRVk1oSChDQv9C10LnQvdGC0LHQvtC7,y,HeT0tKPv_YE;mv:[[47.9207338,35.269072099999995],[47.782087399999995,35.0435979]]','096 784 30 05',42,'2019-10-15 13:38:18','2019-10-15 13:40:03'),(58,'https://www.ostrovclub.zp.ua/%d0%bf%d0%b5%d0%b9%d0%bd%d1%82%d0%b1%d0%be%d0%bb/','','','','','https://www.google.com/search?sxsrf=ACYBGNSYMLgEHr4ozJvbZ59wLaQpLqKLVg:1571132735432&q=%D0%BF%D0%B5%D0%B9%D0%BD%D1%82%D0%B1%D0%BE%D0%BB+%D0%B7%D0%B0%D0%BF%D0%BE%D1%80%D0%BE%D0%B6%D1%8C%D0%B5&npsic=0&rflfq=1&rlha=0&rllag=47855473,35130002,7012&tbm=lcl&ved=2ahUKEwjli9zE_Z3lAhVs_SoKHYWlC2QQjGp6BAgKEDw&tbs=lrf:!2m1!1e2!2m1!1e3!2m1!1e16!3sIAE,lf:1,lf_ui:1&rldoc=1#rlfi=hd:;si:10877457214347448709,a;mv:[[48.061102752014,35.63052991205336],[47.646890884213214,34.648626752062455],null,[47.85441041202832,35.13957833205791],11]','+380672743884',43,'2019-10-15 15:39:43','2019-10-15 15:39:43'),(59,'https://www.ostrovclub.zp.ua/%d0%bf%d0%b5%d0%b9%d0%bd%d1%82%d0%b1%d0%be%d0%bb/','','','','','https://www.google.com/search?sxsrf=ACYBGNSYMLgEHr4ozJvbZ59wLaQpLqKLVg:1571132735432&q=%D0%BF%D0%B5%D0%B9%D0%BD%D1%82%D0%B1%D0%BE%D0%BB+%D0%B7%D0%B0%D0%BF%D0%BE%D1%80%D0%BE%D0%B6%D1%8C%D0%B5&npsic=0&rflfq=1&rlha=0&rllag=47855473,35130002,7012&tbm=lcl&ved=2ahUKEwjli9zE_Z3lAhVs_SoKHYWlC2QQjGp6BAgKEDw&tbs=lrf:!2m1!1e2!2m1!1e3!2m1!1e16!3sIAE,lf:1,lf_ui:1&rldoc=1#rlfi=hd:;si:10877457214347448709,a;mv:[[48.061102752014,35.63052991205336],[47.646890884213214,34.648626752062455],null,[47.85441041202832,35.13957833205791],11]','+380672743884',43,'2019-10-15 15:39:44','2019-10-15 15:39:44'),(60,'https://www.ostrovclub.zp.ua/%d0%bf%d0%b5%d0%b9%d0%bd%d1%82%d0%b1%d0%be%d0%bb/',' Космос сити и Седова 36',NULL,'','',NULL,'+380672743884',44,'2019-10-15 15:50:26','2019-10-15 15:50:26'),(61,'https://www.ostrovclub.zp.ua/%d0%bf%d0%b5%d0%b9%d0%bd%d1%82%d0%b1%d0%be%d0%bb/',' Космос сити и Седова 36',NULL,'','',NULL,'+380672743884',44,'2019-10-15 15:53:52','2019-10-15 15:53:52'),(62,'http://www.igra.zp.ua/?page_id=1461','вулиця Будинок відпочинку, 36','о. Хортица','','','https://www.google.com.ua/maps/place/%D0%9B%D0%B0%D0%B7%D0%B5%D1%80%D1%82%D0%B0%D0%B3+%D0%B8+%D0%BF%D0%B5%D0%B9%D0%BD%D1%82%D0%B1%D0%BE%D0%BB%D1%8C%D0%BD%D1%8B%D0%B9+%D0%BA%D0%BB%D1%83%D0%B1+%22Stalker%22/@47.844753,35.0556769,15z/data=!4m2!3m1!1s0x0:0x6621a854732863bc?sa=X&hl=ru&ved=2ahUKEwjkmd28qZ7lAhVl7aYKHVU_AaUQ_BIwD3oECAwQCA','+380667768888',45,'2019-10-15 16:03:52','2019-10-15 16:03:52'),(63,'http://www.igra.zp.ua/?page_id=1461','вулиця Будинок відпочинку, 36','о. Хортица','','','https://www.google.com.ua/maps/place/%D0%9B%D0%B0%D0%B7%D0%B5%D1%80%D1%82%D0%B0%D0%B3+%D0%B8+%D0%BF%D0%B5%D0%B9%D0%BD%D1%82%D0%B1%D0%BE%D0%BB%D1%8C%D0%BD%D1%8B%D0%B9+%D0%BA%D0%BB%D1%83%D0%B1+%22Stalker%22/@47.844753,35.0556769,15z/data=!4m2!3m1!1s0x0:0x6621a854732863bc?sa=X&hl=ru&ved=2ahUKEwjkmd28qZ7lAhVl7aYKHVU_AaUQ_BIwD3oECAwQCA','+380667768888',45,'2019-10-15 16:05:32','2019-10-15 16:05:32'),(64,'https://trignoma.zp.ua/uk/bilyard','вулиця Героїв 55-ї бригади','Шевченковский район, Зеленый яр','','','https://www.google.com.ua/maps/place/%D0%A2%D1%80%D0%B8+%D0%93%D0%BD%D0%BE%D0%BC%D0%B0/@47.8353636,35.2055016,15z/data=!4m2!3m1!1s0x0:0x64577ebbdf8ca29a?sa=X&hl=ru&ved=2ahUKEwir0sHzrZ7lAhWiwqYKHWqaA7YQ_BIwEXoECA0QCA','+380963099160	',46,'2019-10-15 16:23:59','2019-10-15 16:23:59'),(65,'https://trignoma.zp.ua/uk/bilyard','вулиця Героїв 55-ї бригади','Шевченковский район, Зеленый яр','','','https://www.google.com.ua/maps/place/%D0%A2%D1%80%D0%B8+%D0%93%D0%BD%D0%BE%D0%BC%D0%B0/@47.8353636,35.2055016,15z/data=!4m2!3m1!1s0x0:0x64577ebbdf8ca29a?sa=X&hl=ru&ved=2ahUKEwir0sHzrZ7lAhWiwqYKHWqaA7YQ_BIwEXoECA0QCA','+380963099160	',46,'2019-10-15 16:25:17','2019-10-15 16:25:17'),(78,'http://cosmic.rocknroll.zp.ua/','улица Почтовая 69, Запорожье','','','','https://www.google.com/maps/place/Cosmic+Bowling/@47.814815,35.17692,16z/data=!4m5!3m4!1s0x0:0x8e84b0545b65c0b8!8m2!3d47.8148154!4d35.1769202?hl=en-US','+380962680401',48,'2019-12-10 12:15:35','2020-01-29 14:28:49'),(81,'http://www.rola-kolo.zp.ua/','вулиця Ринкова, 2, Запоріжжя, Запорізька область, 69118','','http://instagram.com/rola_kolo','skating.zp@gmail.com','https://www.google.com/maps/place/Rollerdrom+%22Rola-Kolo%22/@47.8968909,35.1186781,13z/data=!4m5!3m4!1s0x40dc66e9ca1b9a9d:0xfd2171bb436d3964!8m2!3d47.8972159!4d35.1566159','+380991276777',63,'2020-01-29 15:12:39','2020-01-29 15:56:09'),(83,'','вулиця Перемоги, 70, Запоріжжя, Запорізька область, 69061','','','','https://www.google.com/maps/place/%D0%9C%D0%B5%D1%82%D0%B5%D0%BB%D0%B8%D1%86%D0%B0/@47.8343125,35.1233183,15z/data=!4m12!1m6!3m5!1s0x40dc60c912fcd52f:0xca05d3b5075cb212!2z0JzQtdGC0LXQu9C40YbQsA!8m2!3d47.8337571!4d35.1228173!3m4!1s0x40dc60c912fcd52f:0xca05d3b5075cb212!8m2!3d47.8337571!4d35.1228173','+380612338878',65,'2020-01-29 16:07:30','2020-01-29 16:07:30'),(84,'https://artbar-podium.061.ua/','проспект Маяковського, 11, Запоріжжя, Запорізька область, 69000','','','','https://www.google.com/maps/place/Podium/@47.8398702,35.1191529,15z/data=!4m5!3m4!1s0x0:0xb6b1529b09a7193b!8m2!3d47.841224!4d35.1246031','',66,'2020-01-30 11:54:23','2020-01-30 11:54:23'),(89,'','проспект Соборний, 92, Запоріжжя, Запорожская, 69000','','','','','+380612861940',71,'2020-01-30 13:00:21','2020-01-30 13:36:02'),(90,'https://crowbar.com.ua/','Soborny ave. 135, Intourist Hotel, Zaporozhye, Ukraine','отель. Интурист','','crowbarnc@gmail.com','','+380676111000',72,'2020-01-30 14:08:12','2020-01-30 14:14:29'),(91,'https://ochagzp.com.ua/karaoke','Запорожье, ул. Победы, 92б','','','','','+3809817816-47',73,'2020-01-30 14:27:28','2020-01-30 19:27:10'),(92,'https://www.rzhevsky-project.com/','вулиця Леоніда Жаботинського, 40, Запоріжжя, Запорізька область, 69000','','https://www.instagram.com/rzhproject/','','','+380678777738',74,'2020-01-30 14:57:42','2020-01-30 19:07:49'),(93,'','Пр Соборный 87-В Запорожье, Украина','','','','','+38 050 426 06 00 +38 097 843 36 76',75,'2020-01-30 15:17:22','2020-01-30 15:17:22'),(94,'https://www.instagram.com/cocos_bar_zp/','вулиця Лермонтова, 5, Запоріжжя, Запорізька область, 69000','','https://www.instagram.com/cocos_bar_zp/','','https://www.google.com/maps/place/CoCo%60S+Party+Bar/@47.841966,35.130735,15z/data=!4m5!3m4!1s0x0:0x769feb20cba64270!8m2!3d47.841966!4d35.130735','+380501318384',76,'2020-01-30 19:12:13','2020-01-30 19:22:28');
/*!40000 ALTER TABLE `contacts` ENABLE KEYS */;
UNLOCK TABLES;

--
-- Table structure for table `entertainments`
--

DROP TABLE IF EXISTS `entertainments`;
/*!40101 SET @saved_cs_client     = @@character_set_client */;
/*!50503 SET character_set_client = utf8mb4 */;
CREATE TABLE `entertainments` (
  `id` int(10) unsigned NOT NULL AUTO_INCREMENT,
  `title` varchar(255) DEFAULT NULL,
  `is_active` tinyint(1) DEFAULT '1',
  `order` int(11) DEFAULT NULL,
  `created_at` datetime DEFAULT NULL,
  `updated_at` datetime DEFAULT NULL,
  PRIMARY KEY (`id`)
) ENGINE=InnoDB AUTO_INCREMENT=17 DEFAULT CHARSET=utf8 COLLATE=utf8_general_ci;
/*!40101 SET character_set_client = @saved_cs_client */;

--
-- Dumping data for table `entertainments`
--

LOCK TABLES `entertainments` WRITE;
/*!40000 ALTER TABLE `entertainments` DISABLE KEYS */;
INSERT INTO `entertainments` VALUES (1,'Пейнтбол',1,0,'2019-10-05 23:26:23','2019-11-29 22:54:53'),(4,'Прокат каяк',1,4,'2019-10-05 23:26:23','2019-10-15 20:40:32'),(5,'Прокат велосипедов',1,5,'2019-10-05 23:26:23','2019-10-15 20:40:32'),(6,'Сауны',1,6,'2019-10-05 23:26:23','2019-10-15 20:40:32'),(7,'Покататься на гидроциклах, яхте',1,7,'2019-10-05 23:26:23','2019-10-15 20:40:32'),(8,'Бильярд',1,3,'2019-10-06 21:44:43','2019-12-22 12:29:35'),(9,'Компьютерные клубы',1,1,'2019-10-07 00:08:09','2019-11-29 22:54:53'),(10,'Тиры',1,2,'2019-10-07 21:35:58','2019-12-22 12:29:35'),(11,'Квест комнаты',1,8,'2019-10-08 14:46:00','2019-10-15 20:40:32'),(12,'Боулинг',1,9,'2019-10-17 14:43:44','2019-10-17 14:43:49'),(13,'Караоке',1,NULL,'2020-01-29 14:38:18','2020-01-29 14:38:18'),(14,'Ночные клубы',1,NULL,'2020-01-29 14:40:00','2020-01-29 14:40:00'),(15,'Кальянные',1,NULL,'2020-01-29 14:40:30','2020-01-29 14:40:30'),(16,'Покататься на коньках & роликах',1,NULL,'2020-01-29 14:42:38','2020-01-29 14:42:38');
/*!40000 ALTER TABLE `entertainments` ENABLE KEYS */;
UNLOCK TABLES;

--
-- Table structure for table `messages`
--

DROP TABLE IF EXISTS `messages`;
/*!40101 SET @saved_cs_client     = @@character_set_client */;
/*!50503 SET character_set_client = utf8mb4 */;
CREATE TABLE `messages` (
  `id` int(10) unsigned NOT NULL AUTO_INCREMENT,
  `text` text NOT NULL,
  `token` varchar(255) DEFAULT NULL,
  `user_id` int(10) unsigned DEFAULT NULL,
  `room_id` int(10) unsigned NOT NULL,
  `asset_id` int(10) unsigned DEFAULT NULL,
  `place_id` int(10) unsigned DEFAULT NULL,
  `is_read` tinyint(1) DEFAULT '0',
  `date` date DEFAULT NULL,
  `time` varchar(255) DEFAULT NULL,
  `created_at` datetime DEFAULT NULL,
  `updated_at` datetime DEFAULT NULL,
  PRIMARY KEY (`id`),
  KEY `messages_user_id_foreign` (`user_id`),
  KEY `messages_room_id_foreign` (`room_id`),
  KEY `messages_asset_id_foreign` (`asset_id`),
  KEY `messages_place_id_foreign` (`place_id`),
  CONSTRAINT `messages_asset_id_foreign` FOREIGN KEY (`asset_id`) REFERENCES `assets` (`id`) ON DELETE CASCADE,
  CONSTRAINT `messages_place_id_foreign` FOREIGN KEY (`place_id`) REFERENCES `places` (`id`),
  CONSTRAINT `messages_room_id_foreign` FOREIGN KEY (`room_id`) REFERENCES `rooms` (`id`) ON DELETE CASCADE,
  CONSTRAINT `messages_user_id_foreign` FOREIGN KEY (`user_id`) REFERENCES `users` (`id`) ON DELETE CASCADE
) ENGINE=InnoDB AUTO_INCREMENT=58 DEFAULT CHARSET=utf8 COLLATE=utf8_general_ci;
/*!40101 SET character_set_client = @saved_cs_client */;

--
-- Dumping data for table `messages`
--

LOCK TABLES `messages` WRITE;
/*!40000 ALTER TABLE `messages` DISABLE KEYS */;
INSERT INTO `messages` VALUES (1,'Привет, Давай пригласим сюда твоих друзей и посмотрим что они скажут насчет этого всего?\nСкинь им вот эту ссылку что бы пригласить\n\nhttp://localhost:3000/invite/6bQobOOpAoF0MY4jqL298BiC6dyMtHng\n    ',NULL,1,1,NULL,NULL,0,NULL,NULL,'2019-10-05 23:26:23','2019-10-05 23:26:23'),(2,'Привет, Давай пригласим сюда твоих друзей и посмотрим что они скажут насчет этого всего?\nСкинь им вот эту ссылку что бы пригласить\n\nhttp://localhost:3000/invite/zydxYpe19La9G3ACnBqOb81qmE4r3P4R\n    ',NULL,1,2,NULL,NULL,0,NULL,NULL,'2019-10-05 23:26:23','2019-10-05 23:26:23'),(3,'А можно написать так?','temp-e6fk6i8k1e0co9c',2,2,NULL,NULL,0,NULL,NULL,'2019-10-05 23:26:23','2019-10-05 23:26:23'),(4,'Что?','temp-e6fk6i8k1e0co9d',4,2,NULL,NULL,0,NULL,NULL,'2019-10-05 23:26:23','2019-10-05 23:26:23'),(5,'<Frame styles=\"{{...}}/\">','temp-e6fk6i8k1e0co9e',2,2,NULL,NULL,0,NULL,NULL,'2019-10-05 23:26:23','2019-10-05 23:26:23'),(6,'Или classNe?','temp-e6fk6i8k1e0co9f',2,2,NULL,NULL,0,NULL,NULL,'2019-10-05 23:26:23','2019-10-05 23:26:23'),(7,'Чё?)','temp-e6fk6i8k1e0co9g',4,2,NULL,NULL,0,NULL,NULL,'2019-10-05 23:26:23','2019-10-05 23:26:23'),(8,'Ну к примеру проверки делать','temp-e6fk6i8k1e0co9h',2,2,NULL,NULL,0,NULL,NULL,'2019-10-05 23:26:23','2019-10-05 23:26:23'),(9,'Нет - другие','temp-e6fk6i8k1e0co9i',2,2,NULL,NULL,0,NULL,NULL,'2019-10-05 23:26:23','2019-10-05 23:26:23'),(10,'Ну как в обычном у нас?','temp-e6fk6i8k1e0co9j',4,2,NULL,NULL,0,NULL,NULL,'2019-10-05 23:26:23','2019-10-05 23:26:23'),(11,'Привет, Давай пригласим сюда твоих друзей и посмотрим что они скажут насчет этого всего?\nСкинь им вот эту ссылку что бы пригласить\n\nhttp://localhost:3000/invite/HOFYoDhezkWP8LwiZn1OEIHGLDw0MAkl\n    ',NULL,1,3,NULL,NULL,0,NULL,NULL,'2019-10-06 20:46:53','2019-10-06 20:46:53'),(12,'Super Admin покинул событие',NULL,NULL,2,NULL,NULL,0,NULL,NULL,'2019-10-06 20:47:09','2019-10-06 20:47:09'),(13,'Super Admin покинул событие',NULL,NULL,1,NULL,NULL,0,NULL,NULL,'2019-10-06 20:47:12','2019-10-06 20:47:12'),(14,'Super Admin покинул событие',NULL,NULL,3,NULL,NULL,0,NULL,NULL,'2019-10-06 20:47:19','2019-10-06 20:47:19'),(15,'Привет, Давай пригласим сюда твоих друзей и посмотрим что они скажут насчет этого всего?\nСкинь им вот эту ссылку что бы пригласить\n\nhttp://localhost:3000/invite/6xALcppns7YTS1v2JLrKXjWWdjaVZlwI\n    ',NULL,1,4,NULL,NULL,0,NULL,NULL,'2019-10-06 21:13:44','2019-10-06 21:13:44'),(16,'Привет, Давай пригласим сюда твоих друзей и посмотрим что они скажут насчет этого всего?\nСкинь им вот эту ссылку что бы пригласить\n\nhttp://localhost:3000/invite/NHL6Ou7Rh8SK3HyC2WXpPh8uvRSEIEFC\n    ',NULL,1,5,NULL,NULL,0,NULL,NULL,'2019-10-06 23:01:08','2019-10-06 23:01:08'),(17,'Привет, Давай пригласим сюда твоих друзей и посмотрим что они скажут насчет этого всего?\nСкинь им вот эту ссылку что бы пригласить\n\nhttp://localhost:3000/invite/hA3COlGXiNrNUvuUQgaxG826o7aydy1I\n    ',NULL,1,6,NULL,NULL,0,NULL,NULL,'2019-10-11 12:41:46','2019-10-11 12:41:46'),(18,'Привет, Давай пригласим сюда твоих друзей и посмотрим что они скажут насчет этого всего?\nСкинь им вот эту ссылку что бы пригласить\n\nhttp://localhost:3000/invite/W478m3dHZyT9Aky53nQ7A7kLYjb2faNz\n    ',NULL,1,7,NULL,NULL,0,NULL,NULL,'2019-10-11 17:30:20','2019-10-11 17:30:20'),(19,'Привет, Давай пригласим сюда твоих друзей и посмотрим что они скажут насчет этого всего?\nСкинь им вот эту ссылку что бы пригласить\n\nhttp://localhost:3000/invite/rUH4Ye0v6vBFnXeV15lL9wggqM60eOyX\n    ',NULL,1,8,NULL,NULL,0,NULL,NULL,'2019-10-12 17:23:51','2019-10-12 17:23:51'),(20,'Привет, Давай пригласим сюда твоих друзей и посмотрим что они скажут насчет этого всего?\nСкинь им вот эту ссылку что бы пригласить\n\nhttp://localhost:3000/invite/vyyIBNNtyj8icMMObcwKXqU66ZRzezkt\n    ',NULL,1,9,NULL,NULL,0,NULL,NULL,'2019-10-15 15:26:06','2019-10-15 15:26:06'),(21,'Aleksey Lukovka покинул событие',NULL,NULL,2,NULL,NULL,0,NULL,NULL,'2019-10-15 18:36:17','2019-10-15 18:36:17'),(22,'Aleksey Lukovka покинул событие',NULL,NULL,1,NULL,NULL,0,NULL,NULL,'2019-10-15 18:36:21','2019-10-15 18:36:21'),(23,'Привет, Давай пригласим сюда твоих друзей и посмотрим что они скажут насчет этого всего?\nСкинь им вот эту ссылку что бы пригласить\n\nhttp://localhost:3000/invite/NPgWShavdbDJDcJD8Z4LgRFW13SuPvrP\n    ',NULL,1,10,NULL,NULL,0,NULL,NULL,'2019-10-15 19:06:40','2019-10-15 19:06:40'),(24,'Привет, Давай пригласим сюда твоих друзей и посмотрим что они скажут насчет этого всего?\nСкинь им вот эту ссылку что бы пригласить\n\nhttp://localhost:3000/invite/9FQwO46cr39UYSzspC0MWCpMSzwZEaE4\n    ',NULL,1,11,NULL,NULL,0,NULL,NULL,'2019-10-15 19:33:52','2019-10-15 19:33:52'),(25,'Привет, Давай пригласим сюда твоих друзей и посмотрим что они скажут насчет этого всего?\nСкинь им вот эту ссылку что бы пригласить\n\nhttp://localhost:3000/invite/aBOuuvqQRlJPNqqfQi9TJ8kacVJ15Ib1\n    ',NULL,1,12,NULL,NULL,0,NULL,NULL,'2019-10-15 22:10:53','2019-10-15 22:10:53'),(26,'Привет, Давай пригласим сюда твоих друзей и посмотрим что они скажут насчет этого всего?\nСкинь им вот эту ссылку что бы пригласить\n\nhttp://localhost:3000/invite/M8ZvbgplPLxRuJIEdin1MyA95ffPd1MC\n    ',NULL,1,13,NULL,NULL,0,NULL,NULL,'2019-10-15 22:16:05','2019-10-15 22:16:05'),(27,'Привет, Давай пригласим сюда твоих друзей и посмотрим что они скажут насчет этого всего?\nСкинь им вот эту ссылку что бы пригласить\n\nhttps://partymaker.zp.ua/invite/WbLwquRpfHyqgxQ9EcrzXc7YPgDrNO46\n    ',NULL,1,14,NULL,NULL,0,NULL,NULL,'2019-10-16 12:55:23','2019-10-16 12:55:23'),(28,'Привет, Давай пригласим сюда твоих друзей и посмотрим что они скажут насчет этого всего?\nСкинь им вот эту ссылку что бы пригласить\n\nhttps://partymaker.zp.ua/invite/UpGvQS88jph0EGsFlAqqKEWBukgWgRxl\n    ',NULL,1,15,NULL,NULL,0,NULL,NULL,'2019-10-16 12:55:32','2019-10-16 12:55:32'),(29,'Привет, Давай пригласим сюда твоих друзей и посмотрим что они скажут насчет этого всего?\nСкинь им вот эту ссылку что бы пригласить\n\nhttps://partymaker.zp.ua/invite/VKkemBUZFr5wuYoX5d6L1naDtF8iUTAU\n    ',NULL,1,16,NULL,NULL,0,NULL,NULL,'2019-10-17 18:57:48','2019-10-17 18:57:48'),(30,'Вдвдвдаа','temp-k1v2h466',4,16,NULL,NULL,0,NULL,NULL,'2019-10-17 18:57:52','2019-10-17 18:57:52'),(31,'Привет, Давай пригласим сюда твоих друзей и посмотрим что они скажут насчет этого всего?\nСкинь им вот эту ссылку что бы пригласить\n\nhttps://partymaker.zp.ua/invite/DvPsZDoO1r7ibLzNhPZDKy6B4jWKfPuS\n    ',NULL,1,17,NULL,NULL,0,NULL,NULL,'2019-10-17 20:56:22','2019-10-17 20:56:22'),(32,'Привет, Давай пригласим сюда твоих друзей и посмотрим что они скажут насчет этого всего?\nСкинь им вот эту ссылку что бы пригласить\n\nhttps://partymaker.zp.ua/invite/wlSojqm9OfoX2f6GVelQxFcFY821LNTU\n    ',NULL,1,18,NULL,NULL,0,NULL,NULL,'2019-10-17 20:56:22','2019-10-17 20:56:22'),(33,'Привет, Давай пригласим сюда твоих друзей и посмотрим что они скажут насчет этого всего?\nСкинь им вот эту ссылку что бы пригласить\n\nhttps://partymaker.zp.ua/invite/RwHuSsfigK0Dqnlkz69KLeXLb36nRWij\n    ',NULL,1,19,NULL,NULL,0,NULL,NULL,'2019-10-17 20:56:30','2019-10-17 20:56:30'),(34,'Привет, Давай пригласим сюда твоих друзей и посмотрим что они скажут насчет этого всего?\nСкинь им вот эту ссылку что бы пригласить\n\nhttps://partymaker.zp.ua/invite/dLhxclex5zTmBhPpQVu0aJTtVy6UZ8cO\n    ',NULL,1,20,NULL,NULL,0,NULL,NULL,'2019-10-17 20:57:27','2019-10-17 20:57:27'),(35,'Привет, Давай пригласим сюда твоих друзей и посмотрим что они скажут насчет этого всего?\nСкинь им вот эту ссылку что бы пригласить\n\nhttps://partymaker.zp.ua/invite/jJXQZ4EDPgH6gxjwK8xod6wLZEmxrdFI\n    ',NULL,1,21,NULL,NULL,0,NULL,NULL,'2019-10-17 20:57:29','2019-10-17 20:57:29'),(36,'Привет, Давай пригласим сюда твоих друзей и посмотрим что они скажут насчет этого всего?\nСкинь им вот эту ссылку что бы пригласить\n\nhttps://partymaker.zp.ua/invite/DoBLqp9yYnqUIVIHyYU9iQzlMQJ1WelB\n    ',NULL,1,22,NULL,NULL,0,NULL,NULL,'2019-10-17 20:57:31','2019-10-17 20:57:31'),(37,'Привет, Давай пригласим сюда твоих друзей и посмотрим что они скажут насчет этого всего?\nСкинь им вот эту ссылку что бы пригласить\n\nhttps://partymaker.zp.ua/invite/PJkUERgx0dPQCFnmtNRKIqnDI8yhd3zW\n    ',NULL,1,23,NULL,NULL,0,NULL,NULL,'2019-10-17 20:57:33','2019-10-17 20:57:33'),(38,'Привет, Давай пригласим сюда твоих друзей и посмотрим что они скажут насчет этого всего?\nСкинь им вот эту ссылку что бы пригласить\n\nhttps://partymaker.zp.ua/invite/I8NEJulKUThNDkS4HnE1IlhVmOEaTBli\n    ',NULL,1,24,NULL,NULL,0,NULL,NULL,'2019-10-17 20:57:34','2019-10-17 20:57:34'),(39,'Привет, Давай пригласим сюда твоих друзей и посмотрим что они скажут насчет этого всего?\nСкинь им вот эту ссылку что бы пригласить\n\nhttps://partymaker.zp.ua/invite/qV1IpwkQhBzUe14N4HzTxbR4EJ3rr0Y0\n    ',NULL,1,25,NULL,NULL,0,NULL,NULL,'2019-10-18 08:06:57','2019-10-18 08:06:57'),(40,'Привет, Давай пригласим сюда твоих друзей и посмотрим что они скажут насчет этого всего?\nСкинь им вот эту ссылку что бы пригласить\n\nhttps://partymaker.zp.ua/invite/WB0EinlbKUE6yk3F8k2DOaYV09UhVWuJ\n    ',NULL,1,26,NULL,NULL,0,NULL,NULL,'2019-10-18 08:57:08','2019-10-18 08:57:08'),(41,'Привет, Давай пригласим сюда твоих друзей и посмотрим что они скажут насчет этого всего?\nСкинь им вот эту ссылку что бы пригласить\n\nhttps://partymaker.zp.ua/invite/dythXLpQ0Jho5ORauhFLFWe6k5NYLoCV\n    ',NULL,1,27,NULL,NULL,0,NULL,NULL,'2019-10-18 08:59:44','2019-10-18 08:59:44'),(42,'Привет, Давай пригласим сюда твоих друзей и посмотрим что они скажут насчет этого всего?\nСкинь им вот эту ссылку что бы пригласить\n\nhttps://partymaker.zp.ua/invite/K9Ua5nruxJJVU1BK52nAgyTipDwyrR9X\n    ',NULL,1,28,NULL,NULL,0,NULL,NULL,'2019-10-18 09:00:05','2019-10-18 09:00:05'),(43,'Привет, Давай пригласим сюда твоих друзей и посмотрим что они скажут насчет этого всего?\nСкинь им вот эту ссылку что бы пригласить\n\nhttps://partymaker.zp.ua/invite/o75SvYuQd4VzId3sNfGjQw4AYJJqbk2J\n    ',NULL,1,29,NULL,NULL,0,NULL,NULL,'2019-10-18 09:00:15','2019-10-18 09:00:15'),(44,'Привет, Давай пригласим сюда твоих друзей и посмотрим что они скажут насчет этого всего?\nСкинь им вот эту ссылку что бы пригласить\n\nhttps://partymaker.zp.ua/invite/tQRayTf4NzVx80gVEYZqD2svdGRgOdgZ\n    ',NULL,1,30,NULL,NULL,0,NULL,NULL,'2019-10-18 12:19:25','2019-10-18 12:19:25'),(45,'Привет, Давай пригласим сюда твоих друзей и посмотрим что они скажут насчет этого всего?\nСкинь им вот эту ссылку что бы пригласить\n\nhttps://partymaker.zp.ua/invite/5DwpZV2SKW7V3FkIQHiGQR0OX2WFshdd\n    ',NULL,1,31,NULL,NULL,0,NULL,NULL,'2019-10-27 21:54:55','2019-10-27 21:54:55'),(46,'Привет, Давай пригласим сюда твоих друзей и посмотрим что они скажут насчет этого всего?\nСкинь им вот эту ссылку что бы пригласить\n\nhttps://partymaker.zp.ua/invite/QtyfyDrKtLxftIlEFjIcLIxy03AhXcbU\n    ',NULL,1,32,NULL,NULL,0,NULL,NULL,'2019-10-27 21:56:17','2019-10-27 21:56:17'),(47,'Привет, Давай пригласим сюда твоих друзей и посмотрим что они скажут насчет этого всего?\nСкинь им вот эту ссылку что бы пригласить\n\nhttps://partymaker.zp.ua/invite/78ycfGSDsZlbbxmDNUi5kfjsLPRuDnmc\n    ',NULL,1,33,NULL,NULL,0,NULL,NULL,'2019-10-27 21:56:17','2019-10-27 21:56:17'),(48,'Привет, Давай пригласим сюда твоих друзей и посмотрим что они скажут насчет этого всего?\nСкинь им вот эту ссылку что бы пригласить\n\nhttps://partymaker.zp.ua/invite/llHH75ml0fxa98TM5RDnfPbm3cJO2PEU\n    ',NULL,1,34,NULL,NULL,0,NULL,NULL,'2019-10-27 21:56:17','2019-10-27 21:56:17'),(49,'Привет, Давай пригласим сюда твоих друзей и посмотрим что они скажут насчет этого всего?\nСкинь им вот эту ссылку что бы пригласить\n\nhttps://partymaker.zp.ua/invite/1l5nHhrYd8aVgvtZCW6woAv11qsqTaix\n    ',NULL,1,35,NULL,NULL,0,NULL,NULL,'2019-10-27 22:13:31','2019-10-27 22:13:31'),(50,'Привет, Давай пригласим сюда твоих друзей и посмотрим что они скажут насчет этого всего?\nСкинь им вот эту ссылку что бы пригласить\n\nhttps://partymaker.zp.ua/invite/BDJQfp5mQuWW9mOvqKfLIwCNENGmenlG\n    ',NULL,1,36,NULL,NULL,0,NULL,NULL,'2019-10-28 05:21:42','2019-10-28 05:21:42'),(51,'Привет, Давай пригласим сюда твоих друзей и посмотрим что они скажут насчет этого всего?\nСкинь им вот эту ссылку что бы пригласить\n\nhttps://partymaker.zp.ua/invite/eOxnbqK9awkzJavP8UeMi2AbYcqr4hQY\n    ',NULL,1,37,NULL,NULL,0,NULL,NULL,'2019-10-28 05:21:46','2019-10-28 05:21:46'),(52,'Привет, Давай пригласим сюда твоих друзей и посмотрим что они скажут насчет этого всего?\nСкинь им вот эту ссылку что бы пригласить\n\nhttps://partymaker.zp.ua/invite/Zdru10E87ktDwckilQt4ZJ41xUnzY6bh\n    ',NULL,1,38,NULL,NULL,0,NULL,NULL,'2019-10-28 05:41:50','2019-10-28 05:41:50'),(53,'Привет, Давай пригласим сюда твоих друзей и посмотрим что они скажут насчет этого всего?\nСкинь им вот эту ссылку что бы пригласить\n\nhttps://partymaker.zp.ua/invite/FT3aAgc33oIG2s7zXANQiPBQOyD7krfP\n    ',NULL,1,39,NULL,NULL,0,NULL,NULL,'2019-10-28 11:29:27','2019-10-28 11:29:27'),(54,'Привет, Давай пригласим сюда твоих друзей и посмотрим что они скажут насчет этого всего?\nСкинь им вот эту ссылку что бы пригласить\n\nhttps://partymaker.zp.ua/invite/fbMBdiT726R6DnCdP6YXUzaPWUmbl11b\n    ',NULL,1,40,NULL,NULL,0,NULL,NULL,'2019-10-28 11:29:27','2019-10-28 11:29:27'),(55,'Привет, Давай пригласим сюда твоих друзей и посмотрим что они скажут насчет этого всего?\nСкинь им вот эту ссылку что бы пригласить\n\nhttps://partymaker.zp.ua/invite/Qu9wJCncue9LZTmODk1vxcVCDNd6ozti\n    ',NULL,1,41,NULL,NULL,0,NULL,NULL,'2019-10-30 16:48:18','2019-10-30 16:48:18'),(56,'Привет, Давай пригласим сюда твоих друзей и посмотрим что они скажут насчет этого всего?\nСкинь им вот эту ссылку что бы пригласить\n\nhttps://partymaker.zp.ua/invite/iLtJZk84eXAVepAGRX7MaqAa7CMb8nvL\n    ',NULL,1,42,NULL,NULL,0,NULL,NULL,'2019-11-04 08:51:08','2019-11-04 08:51:08'),(57,'Привет, Давай пригласим сюда твоих друзей и посмотрим что они скажут насчет этого всего?\nСкинь им вот эту ссылку что бы пригласить\n\nhttps://partymaker.zp.ua/invite/wGAZjVONNAslFlfUdJvA0qtGjbOJXKVN\n    ',NULL,1,43,NULL,NULL,0,NULL,NULL,'2019-11-04 08:51:12','2019-11-04 08:51:12');
/*!40000 ALTER TABLE `messages` ENABLE KEYS */;
UNLOCK TABLES;

--
-- Table structure for table `orders`
--

DROP TABLE IF EXISTS `orders`;
/*!40101 SET @saved_cs_client     = @@character_set_client */;
/*!50503 SET character_set_client = utf8mb4 */;
CREATE TABLE `orders` (
  `id` int(10) unsigned NOT NULL AUTO_INCREMENT,
  `date` date DEFAULT NULL,
  `state` varchar(255) DEFAULT 'pending',
  `time` varchar(255) DEFAULT NULL,
  `phone` varchar(255) DEFAULT NULL,
  `guests` int(11) DEFAULT NULL,
  `token` varchar(255) DEFAULT NULL,
  `place_id` int(10) unsigned DEFAULT NULL,
  `room_id` int(10) unsigned DEFAULT NULL,
  `created_at` datetime DEFAULT NULL,
  `updated_at` datetime DEFAULT NULL,
  PRIMARY KEY (`id`),
  KEY `orders_place_id_foreign` (`place_id`),
  KEY `orders_room_id_foreign` (`room_id`),
  CONSTRAINT `orders_place_id_foreign` FOREIGN KEY (`place_id`) REFERENCES `places` (`id`) ON DELETE CASCADE,
  CONSTRAINT `orders_room_id_foreign` FOREIGN KEY (`room_id`) REFERENCES `rooms` (`id`) ON DELETE CASCADE
) ENGINE=InnoDB DEFAULT CHARSET=utf8 COLLATE=utf8_general_ci;
/*!40101 SET character_set_client = @saved_cs_client */;

--
-- Dumping data for table `orders`
--

LOCK TABLES `orders` WRITE;
/*!40000 ALTER TABLE `orders` DISABLE KEYS */;
/*!40000 ALTER TABLE `orders` ENABLE KEYS */;
UNLOCK TABLES;

--
-- Table structure for table `photos`
--

DROP TABLE IF EXISTS `photos`;
/*!40101 SET @saved_cs_client     = @@character_set_client */;
/*!50503 SET character_set_client = utf8mb4 */;
CREATE TABLE `photos` (
  `id` int(10) unsigned NOT NULL AUTO_INCREMENT,
  `url` varchar(255) DEFAULT NULL,
  `place_id` int(10) unsigned NOT NULL,
  `order` int(11) DEFAULT NULL,
  `created_at` datetime DEFAULT NULL,
  `updated_at` datetime DEFAULT NULL,
  PRIMARY KEY (`id`),
  KEY `photos_place_id_foreign` (`place_id`),
  CONSTRAINT `photos_place_id_foreign` FOREIGN KEY (`place_id`) REFERENCES `places` (`id`) ON DELETE CASCADE
) ENGINE=InnoDB AUTO_INCREMENT=380 DEFAULT CHARSET=utf8 COLLATE=utf8_general_ci;
/*!40101 SET character_set_client = @saved_cs_client */;

--
-- Dumping data for table `photos`
--

LOCK TABLES `photos` WRITE;
/*!40000 ALTER TABLE `photos` DISABLE KEYS */;
INSERT INTO `photos` VALUES (4,'1570363563187-Paintball-Club-Block-Post..jpg',10,0,'2019-10-06 15:06:03','2020-02-02 11:53:36'),(5,'1570389015009-15a43592e37e7c.jpg',11,NULL,'2019-10-06 22:10:15','2019-10-06 22:10:15'),(6,'1570389025922-8a99f1e506000aac50730822268d6f0d.jpg',11,NULL,'2019-10-06 22:10:26','2019-10-06 22:10:26'),(7,'1570389036199-aa7f09adbc327b8edfada366ae5e728f.jpg',11,NULL,'2019-10-06 22:10:36','2019-10-06 22:10:36'),(8,'1570389125031-26d6797174b40085f843c6fa028fe511.jpg',11,NULL,'2019-10-06 22:12:05','2019-10-06 22:12:05'),(9,'1570389138133-7b02c4a2fdf663241d0430cac88e63be.jpg',11,NULL,'2019-10-06 22:12:18','2019-10-06 22:12:18'),(10,'1570389148833-8ed267564410d3d751c782e8471f4721.jpg',11,NULL,'2019-10-06 22:12:29','2019-10-06 22:12:29'),(11,'1570389165006-efb66f34762a8f2e20394ab3f4039d7e.jpg',11,NULL,'2019-10-06 22:12:45','2019-10-06 22:12:45'),(12,'1570389174700-04614e65de2779bd0bc2b55debb2d4b1.jpg',11,NULL,'2019-10-06 22:12:54','2019-10-06 22:12:54'),(13,'1570389183489-62bb04f50fbf5ecd62216e7b414e5548.jpg',11,NULL,'2019-10-06 22:13:03','2019-10-06 22:13:03'),(14,'1570389191183-6637376b36529299f9b35f585ff13fce.JPG',11,NULL,'2019-10-06 22:13:11','2019-10-06 22:13:11'),(15,'1570389231247-d6d99a23c14442f73c78048b3506bd1e.jpg',11,NULL,'2019-10-06 22:13:51','2019-10-06 22:13:51'),(17,'1570390508134-image.png',12,NULL,'2019-10-06 22:35:08','2019-10-06 22:35:08'),(18,'1570390551591-ST1A7563-1-475x345.jpg.pagespeed.ce.0fihG92whO.jpg',12,NULL,'2019-10-06 22:35:51','2019-10-06 22:35:51'),(19,'1570390567760-ST1A7503-1-475x345.jpg.pagespeed.ce.zVE6e8YLwz.jpg',12,NULL,'2019-10-06 22:36:08','2019-10-06 22:36:08'),(20,'1570390585456-ST1A7509-1-475x345.jpg.pagespeed.ce.2Zd8CajIIx.jpg',12,NULL,'2019-10-06 22:36:25','2019-10-06 22:36:25'),(21,'1570390624131-image.png',12,NULL,'2019-10-06 22:37:04','2019-10-06 22:37:04'),(22,'1570390816175-AF1QipOK5f9gSmTDdptcPb7xaGxjM8upVFla-b-k_Ifh=s873-k-no',12,NULL,'2019-10-06 22:40:16','2019-10-06 22:40:16'),(37,'1570394534091-int12.jpg',14,NULL,'2019-10-06 23:42:15','2019-10-06 23:42:15'),(38,'1570396706752-image.png',15,NULL,'2019-10-07 00:18:26','2019-10-07 00:18:26'),(39,'1570396804593-map-zaporozhye.jpg',15,NULL,'2019-10-07 00:20:05','2019-10-07 00:20:05'),(40,'1570396826215-review-video-3.jpg',15,NULL,'2019-10-07 00:20:26','2019-10-07 00:20:26'),(41,'1570396850031-review-video-2.jpg',15,NULL,'2019-10-07 00:20:50','2019-10-07 00:20:50'),(42,'1570396954638-AF1QipN2EIQ_akp0WGhX8M8LdYWTqaEIzFNvXxXF0fk-=s1536',15,NULL,'2019-10-07 00:22:35','2019-10-07 00:22:35'),(43,'1570396978455-AF1QipOAebJnYkNvAn0x2v42-nauFOoBGHbFBvpxD3WM=s873-k-no',15,NULL,'2019-10-07 00:22:58','2019-10-07 00:22:58'),(44,'1570457004708-image.png',16,NULL,'2019-10-07 17:03:24','2019-10-07 17:03:24'),(45,'1570457285436-AF1QipPAPMgPsVKJYrK_6y9obkUZWswRQ2_3cJHTuv4T=s1536',16,NULL,'2019-10-07 17:08:05','2019-10-07 17:08:05'),(46,'1570457323897-AF1QipMKurNgZLUWcl9viiE8iMj72-8_5RJbdYk2YUM-=s1536',16,NULL,'2019-10-07 17:08:44','2019-10-07 17:08:44'),(48,'1570462356428-image.png',19,NULL,'2019-10-07 18:32:36','2019-10-07 18:32:36'),(50,'1570462689497-image.png',19,NULL,'2019-10-07 18:38:09','2019-10-07 18:38:09'),(51,'1570462729276-image.png',19,NULL,'2019-10-07 18:38:49','2019-10-07 18:38:49'),(52,'1570462775714-image.png',19,NULL,'2019-10-07 18:39:35','2019-10-07 18:39:35'),(53,'1570462822450-image.png',19,NULL,'2019-10-07 18:40:22','2019-10-07 18:40:22'),(54,'1570463655195-image.png',20,NULL,'2019-10-07 18:54:15','2019-10-07 18:54:15'),(55,'1570463689545-image.png',20,NULL,'2019-10-07 18:54:49','2019-10-07 18:54:49'),(56,'1570463726732-image.png',20,NULL,'2019-10-07 18:55:26','2019-10-07 18:55:26'),(59,'1570464444934-image.png',20,NULL,'2019-10-07 19:07:25','2019-10-07 19:07:25'),(60,'1570465571558-image.png',21,NULL,'2019-10-07 19:26:11','2019-10-07 19:26:11'),(61,'1570471714557-image.png',22,NULL,'2019-10-07 21:08:34','2020-01-29 14:16:28'),(62,'1570471743712-image.png',22,NULL,'2019-10-07 21:09:03','2020-01-29 14:16:28'),(63,'1570471757801-image.png',22,NULL,'2019-10-07 21:09:17','2020-01-29 14:16:28'),(64,'1570471769683-image.png',22,NULL,'2019-10-07 21:09:29','2020-01-29 14:16:28'),(65,'1570471826826-image.png',22,NULL,'2019-10-07 21:10:26','2020-01-29 14:16:28'),(66,'1570471859914-image.png',22,NULL,'2019-10-07 21:11:00','2020-01-29 14:16:28'),(67,'1570471999589-image.png',22,NULL,'2019-10-07 21:13:19','2020-01-29 14:16:28'),(68,'1570474116246-image.png',23,NULL,'2019-10-07 21:48:36','2019-10-07 21:48:36'),(69,'1570474218745-image.png',23,NULL,'2019-10-07 21:50:18','2019-10-07 21:50:18'),(70,'1570474244733-image.png',23,NULL,'2019-10-07 21:50:44','2019-10-07 21:50:44'),(71,'1570474266978-AF1QipPaeOEkpdOfZ-CCQDKD-6um-qFqdszUvxF_dEBi=s1536',23,NULL,'2019-10-07 21:51:07','2019-10-07 21:51:07'),(72,'1570474864927-image.png',24,NULL,'2019-10-07 22:01:05','2019-10-07 22:01:05'),(73,'1570474871093-image.png',24,NULL,'2019-10-07 22:01:11','2019-10-07 22:01:11'),(74,'1570474879981-image.png',24,NULL,'2019-10-07 22:01:20','2019-10-07 22:01:20'),(75,'1570474887868-image.png',24,NULL,'2019-10-07 22:01:27','2019-10-07 22:01:27'),(76,'1570474906121-image.png',24,NULL,'2019-10-07 22:01:46','2019-10-07 22:01:46'),(77,'1570474914169-image.png',24,NULL,'2019-10-07 22:01:54','2019-10-07 22:01:54'),(78,'1570474922203-image.png',24,NULL,'2019-10-07 22:02:02','2019-10-07 22:02:02'),(79,'1570474950640-image.png',24,NULL,'2019-10-07 22:02:30','2019-10-07 22:02:30'),(80,'1570475181593-image.png',24,NULL,'2019-10-07 22:06:21','2019-10-07 22:06:21'),(85,'1570641203129-image.png',13,NULL,'2019-10-09 20:13:23','2019-10-09 20:13:23'),(86,'1570641218520-image.png',13,NULL,'2019-10-09 20:13:38','2019-10-09 20:13:38'),(88,'1570641441293-image.png',13,NULL,'2019-10-09 20:17:21','2019-10-09 20:17:21'),(89,'1570641541252-pub-Bastion-foto.jpg',13,NULL,'2019-10-09 20:19:01','2019-10-09 20:19:01'),(90,'1570641568267-pub-Bastion-zaporozje.jpg',13,NULL,'2019-10-09 20:19:28','2019-10-09 20:19:28'),(100,'1570795387065-image.png',14,NULL,'2019-10-11 15:03:07','2019-10-11 15:03:07'),(101,'1570795408222-image.png',14,NULL,'2019-10-11 15:03:28','2019-10-11 15:03:28'),(102,'1570795421164-image.png',14,NULL,'2019-10-11 15:03:41','2019-10-11 15:03:41'),(103,'1570795429347-image.png',14,NULL,'2019-10-11 15:03:49','2019-10-11 15:03:49'),(104,'1570795437090-image.png',14,NULL,'2019-10-11 15:03:57','2019-10-11 15:03:57'),(105,'1570795452308-image.png',14,NULL,'2019-10-11 15:04:12','2019-10-11 15:04:12'),(106,'1570795509998-image.png',14,NULL,'2019-10-11 15:05:10','2019-10-11 15:05:10'),(107,'1570796226679-image.png',25,NULL,'2019-10-11 15:17:06','2019-10-11 15:17:06'),(108,'1570796233799-image.png',25,NULL,'2019-10-11 15:17:13','2019-10-11 15:17:13'),(109,'1570800087261-image.png',26,NULL,'2019-10-11 16:21:27','2019-10-11 16:21:27'),(110,'1570800095374-image.png',26,NULL,'2019-10-11 16:21:35','2019-10-11 16:21:35'),(111,'1570800503829-image.png',27,NULL,'2019-10-11 16:28:23','2019-10-11 16:28:23'),(112,'1570800510230-image.png',27,NULL,'2019-10-11 16:28:30','2019-10-11 16:28:30'),(113,'1570800520652-image.png',27,NULL,'2019-10-11 16:28:40','2019-10-11 16:28:40'),(114,'1570800528289-image.png',27,NULL,'2019-10-11 16:28:48','2019-10-11 16:28:48'),(115,'1570802501986-image.png',29,NULL,'2019-10-11 17:01:42','2019-10-11 17:01:42'),(116,'1570802507350-image.png',29,NULL,'2019-10-11 17:01:47','2019-10-11 17:01:47'),(117,'1570802513213-image.png',29,NULL,'2019-10-11 17:01:53','2019-10-11 17:01:53'),(118,'1570802521062-image.png',29,NULL,'2019-10-11 17:02:01','2019-10-11 17:02:01'),(119,'1570802546858-image.png',29,NULL,'2019-10-11 17:02:26','2019-10-11 17:02:26'),(120,'1570802647332-image.png',28,NULL,'2019-10-11 17:04:07','2019-10-11 17:04:07'),(121,'1570802658326-image.png',28,NULL,'2019-10-11 17:04:18','2019-10-11 17:04:18'),(122,'1570802663702-image.png',28,NULL,'2019-10-11 17:04:23','2019-10-11 17:04:23'),(123,'1570802676897-image.png',28,NULL,'2019-10-11 17:04:36','2019-10-11 17:04:36'),(124,'1570802692614-image.png',28,NULL,'2019-10-11 17:04:52','2019-10-11 17:04:52'),(125,'1570803289656-image.png',30,NULL,'2019-10-11 17:14:49','2019-10-11 17:14:49'),(126,'1570803567259-image.png',31,NULL,'2019-10-11 17:19:27','2019-10-11 17:19:27'),(127,'1570906205999-image.png',32,NULL,'2019-10-12 21:50:06','2020-01-18 12:49:00'),(128,'1570906367172-image.png',32,NULL,'2019-10-12 21:52:47','2020-01-18 12:49:00'),(129,'1570906377923-image.png',32,NULL,'2019-10-12 21:52:57','2020-01-18 12:49:00'),(130,'1570906392221-image.png',32,NULL,'2019-10-12 21:53:12','2020-01-18 12:49:00'),(131,'1570906470701-image.png',32,NULL,'2019-10-12 21:54:30','2020-01-18 12:49:00'),(132,'1570906490929-image.png',32,NULL,'2019-10-12 21:54:50','2020-01-18 12:49:00'),(133,'1570906587313-image.png',32,NULL,'2019-10-12 21:56:27','2020-01-18 12:49:00'),(134,'1570961758724-image.png',33,NULL,'2019-10-13 13:15:58','2019-10-13 13:15:58'),(135,'1570961766068-image.png',33,NULL,'2019-10-13 13:16:06','2019-10-13 13:16:06'),(136,'1570961773159-image.png',33,NULL,'2019-10-13 13:16:13','2019-10-13 13:16:13'),(137,'1570961795795-image.png',33,NULL,'2019-10-13 13:16:35','2019-10-13 13:16:35'),(138,'1570961854706-image.png',33,NULL,'2019-10-13 13:17:34','2019-10-13 13:17:34'),(139,'1570961876176-image.png',33,NULL,'2019-10-13 13:17:56','2019-10-13 13:17:56'),(141,'1570961922299-image.png',33,NULL,'2019-10-13 13:18:42','2019-10-13 13:18:42'),(142,'1570962440148-image.png',32,NULL,'2019-10-13 13:27:20','2020-01-18 12:49:00'),(143,'1570982710427-image.png',34,NULL,'2019-10-13 19:05:10','2019-10-13 19:05:10'),(144,'1570982717182-image.png',34,NULL,'2019-10-13 19:05:17','2019-10-13 19:05:17'),(145,'1570982722640-image.png',34,NULL,'2019-10-13 19:05:22','2019-10-13 19:05:22'),(146,'1570982727543-image.png',34,NULL,'2019-10-13 19:05:27','2019-10-13 19:05:27'),(147,'1570982732953-image.png',34,NULL,'2019-10-13 19:05:32','2019-10-13 19:05:32'),(148,'1570982738367-image.png',34,NULL,'2019-10-13 19:05:38','2019-10-13 19:05:38'),(149,'1570982743353-image.png',34,NULL,'2019-10-13 19:05:43','2019-10-13 19:05:43'),(150,'1570993731777-image.png',35,NULL,'2019-10-13 22:08:51','2019-10-13 22:08:51'),(151,'1570993746294-image.png',35,NULL,'2019-10-13 22:09:06','2019-10-13 22:09:06'),(152,'1570993760080-image.png',35,NULL,'2019-10-13 22:09:20','2019-10-13 22:09:20'),(153,'1570993774635-image.png',35,NULL,'2019-10-13 22:09:34','2019-10-13 22:09:34'),(154,'1570993803678-image.png',35,NULL,'2019-10-13 22:10:03','2019-10-13 22:10:03'),(155,'1570993825907-image.png',35,NULL,'2019-10-13 22:10:25','2019-10-13 22:10:25'),(156,'1570993840136-image.png',35,NULL,'2019-10-13 22:10:40','2019-10-13 22:10:40'),(157,'1570993854499-image.png',35,NULL,'2019-10-13 22:10:54','2019-10-13 22:10:54'),(158,'1570993867606-image.png',35,NULL,'2019-10-13 22:11:07','2019-10-13 22:11:07'),(159,'1570993892725-image.png',35,NULL,'2019-10-13 22:11:32','2019-10-13 22:11:32'),(160,'1570993917957-image.png',35,NULL,'2019-10-13 22:11:58','2019-10-13 22:11:58'),(161,'1570993935307-image.png',35,NULL,'2019-10-13 22:12:15','2019-10-13 22:12:15'),(162,'1570993962296-image.png',35,NULL,'2019-10-13 22:12:42','2019-10-13 22:12:42'),(163,'1570993979662-image.png',35,NULL,'2019-10-13 22:12:59','2019-10-13 22:12:59'),(164,'1570994336926-image.png',35,NULL,'2019-10-13 22:18:56','2019-10-13 22:18:56'),(165,'1570994352587-image.png',35,NULL,'2019-10-13 22:19:12','2019-10-13 22:19:12'),(166,'1570994372080-image.png',35,NULL,'2019-10-13 22:19:32','2019-10-13 22:19:32'),(167,'1570996306439-image.png',36,NULL,'2019-10-13 22:51:46','2019-10-13 22:51:46'),(168,'1570996312012-image.png',36,NULL,'2019-10-13 22:51:52','2019-10-13 22:51:52'),(169,'1570996317137-image.png',36,NULL,'2019-10-13 22:51:57','2019-10-13 22:51:57'),(170,'1570996322000-image.png',36,NULL,'2019-10-13 22:52:02','2019-10-13 22:52:02'),(171,'1570996345272-image.png',36,NULL,'2019-10-13 22:52:25','2019-10-13 22:52:25'),(172,'1570996350049-image.png',36,NULL,'2019-10-13 22:52:30','2019-10-13 22:52:30'),(173,'1570996354393-image.png',36,NULL,'2019-10-13 22:52:34','2019-10-13 22:52:34'),(174,'1570996358591-image.png',36,NULL,'2019-10-13 22:52:38','2019-10-13 22:52:38'),(175,'1570996770038-image.png',37,NULL,'2019-10-13 22:59:30','2019-10-13 22:59:30'),(176,'1570996804364-image.png',37,NULL,'2019-10-13 23:00:04','2019-10-13 23:00:04'),(177,'1570996815088-image.png',37,NULL,'2019-10-13 23:00:15','2019-10-13 23:00:15'),(178,'1570996824372-image.png',37,NULL,'2019-10-13 23:00:24','2019-10-13 23:00:24'),(179,'1570996839284-image.png',37,NULL,'2019-10-13 23:00:39','2019-10-13 23:00:39'),(180,'1570996869986-image.png',37,NULL,'2019-10-13 23:01:10','2019-10-13 23:01:10'),(181,'1570996883893-image.png',37,NULL,'2019-10-13 23:01:23','2019-10-13 23:01:23'),(182,'1570997782131-image.png',38,NULL,'2019-10-13 23:16:22','2019-10-13 23:16:22'),(183,'1570997800428-image.png',38,NULL,'2019-10-13 23:16:40','2019-10-13 23:16:40'),(184,'1570997816106-image.png',38,NULL,'2019-10-13 23:16:56','2019-10-13 23:16:56'),(185,'1570997840820-image.png',38,NULL,'2019-10-13 23:17:20','2019-10-13 23:17:20'),(186,'1571128798030-image.png',39,NULL,'2019-10-15 11:39:58','2019-10-15 11:39:58'),(187,'1571128819140-image.png',39,NULL,'2019-10-15 11:40:19','2019-10-15 11:40:19'),(188,'1571128873351-image.png',39,NULL,'2019-10-15 11:41:13','2019-10-15 11:41:13'),(189,'1571129263567-image.png',39,NULL,'2019-10-15 11:47:43','2019-10-15 11:47:43'),(190,'1571129272194-image.png',39,NULL,'2019-10-15 11:47:52','2019-10-15 11:47:52'),(191,'1571129279749-image.png',39,NULL,'2019-10-15 11:47:59','2019-10-15 11:47:59'),(192,'1571129285837-image.png',39,NULL,'2019-10-15 11:48:05','2019-10-15 11:48:05'),(193,'1571132944006-image.png',40,NULL,'2019-10-15 12:49:04','2019-10-15 12:49:04'),(194,'1571132960587-image.png',40,NULL,'2019-10-15 12:49:20','2019-10-15 12:49:20'),(195,'1571132973565-image.png',40,NULL,'2019-10-15 12:49:33','2019-10-15 12:49:33'),(196,'1571133000161-image.png',40,NULL,'2019-10-15 12:50:00','2019-10-15 12:50:00'),(197,'1571133013517-image.png',40,NULL,'2019-10-15 12:50:13','2019-10-15 12:50:13'),(198,'1571133026430-image.png',40,NULL,'2019-10-15 12:50:26','2019-10-15 12:50:26'),(199,'1571133039750-image.png',40,NULL,'2019-10-15 12:50:39','2019-10-15 12:50:39'),(200,'1571133062034-image.png',40,NULL,'2019-10-15 12:51:02','2019-10-15 12:51:02'),(201,'1571133113108-image.png',40,NULL,'2019-10-15 12:51:53','2019-10-15 12:51:53'),(202,'1571133152107-image.png',40,NULL,'2019-10-15 12:52:32','2019-10-15 12:52:32'),(203,'1571133337422-image.png',40,NULL,'2019-10-15 12:55:37','2019-10-15 12:55:37'),(204,'1571134489751-image.png',41,NULL,'2019-10-15 13:14:49','2019-10-15 13:14:49'),(205,'1571134607867-image.png',41,NULL,'2019-10-15 13:16:47','2019-10-15 13:16:47'),(206,'1571134618245-image.png',41,NULL,'2019-10-15 13:16:58','2019-10-15 13:16:58'),(207,'1571134647351-image.png',41,NULL,'2019-10-15 13:17:27','2019-10-15 13:17:27'),(208,'1571134672742-image.png',41,NULL,'2019-10-15 13:17:52','2019-10-15 13:17:52'),(209,'1571134714005-image.png',41,NULL,'2019-10-15 13:18:34','2019-10-15 13:18:34'),(210,'1571134734213-image.png',41,NULL,'2019-10-15 13:18:54','2019-10-15 13:18:54'),(211,'1571134748181-image.png',41,NULL,'2019-10-15 13:19:08','2019-10-15 13:19:08'),(212,'1571134763833-image.png',41,NULL,'2019-10-15 13:19:23','2019-10-15 13:19:23'),(213,'1571134782820-image.png',41,NULL,'2019-10-15 13:19:42','2019-10-15 13:19:42'),(214,'1571134798560-image.png',41,NULL,'2019-10-15 13:19:58','2019-10-15 13:19:58'),(215,'1571134894199-image.png',41,NULL,'2019-10-15 13:21:34','2019-10-15 13:21:34'),(216,'1571134920507-image.png',41,NULL,'2019-10-15 13:22:00','2019-10-15 13:22:00'),(217,'1571135559354-image.png',42,NULL,'2019-10-15 13:32:39','2019-10-15 13:32:39'),(218,'1571135649073-image.png',42,NULL,'2019-10-15 13:34:09','2019-10-15 13:34:09'),(219,'1571135676969-image.png',42,NULL,'2019-10-15 13:34:37','2019-10-15 13:34:37'),(220,'1571142797648-image.png',43,NULL,'2019-10-15 15:33:17','2019-10-15 15:33:17'),(221,'1571142803067-image.png',43,NULL,'2019-10-15 15:33:23','2019-10-15 15:33:23'),(222,'1571142808773-image.png',43,NULL,'2019-10-15 15:33:28','2019-10-15 15:33:28'),(223,'1571142814647-image.png',43,NULL,'2019-10-15 15:33:34','2019-10-15 15:33:34'),(224,'1571142820163-image.png',43,NULL,'2019-10-15 15:33:40','2019-10-15 15:33:40'),(225,'1571142825775-image.png',43,NULL,'2019-10-15 15:33:45','2019-10-15 15:33:45'),(226,'1571142831911-image.png',43,NULL,'2019-10-15 15:33:51','2019-10-15 15:33:51'),(227,'1571142837980-image.png',43,NULL,'2019-10-15 15:33:58','2019-10-15 15:33:58'),(228,'1571142851710-image.png',43,NULL,'2019-10-15 15:34:11','2019-10-15 15:34:11'),(229,'1571143589957-image.png',44,NULL,'2019-10-15 15:46:30','2019-10-15 15:46:30'),(230,'1571143794349-image.png',44,NULL,'2019-10-15 15:49:54','2019-10-15 15:49:54'),(231,'1571143800314-image.png',44,NULL,'2019-10-15 15:50:00','2019-10-15 15:50:00'),(232,'1571143806480-image.png',44,NULL,'2019-10-15 15:50:06','2019-10-15 15:50:06'),(233,'1571143813263-image.png',44,NULL,'2019-10-15 15:50:13','2019-10-15 15:50:13'),(234,'1571143822382-image.png',44,NULL,'2019-10-15 15:50:22','2019-10-15 15:50:22'),(235,'1571144147362-image.png',45,NULL,'2019-10-15 15:55:47','2019-10-15 15:55:47'),(236,'1571144360021-image.png',45,NULL,'2019-10-15 15:59:20','2019-10-15 15:59:20'),(237,'1571144365707-image.png',45,NULL,'2019-10-15 15:59:25','2019-10-15 15:59:25'),(238,'1571144372073-image.png',45,NULL,'2019-10-15 15:59:32','2019-10-15 15:59:32'),(239,'1571144381552-image.png',45,NULL,'2019-10-15 15:59:41','2019-10-15 15:59:41'),(240,'1571144387192-image.png',45,NULL,'2019-10-15 15:59:47','2019-10-15 15:59:47'),(241,'1571144393642-image.png',45,NULL,'2019-10-15 15:59:53','2019-10-15 15:59:53'),(242,'1571144398677-image.png',45,NULL,'2019-10-15 15:59:58','2019-10-15 15:59:58'),(243,'1571144404365-image.png',45,NULL,'2019-10-15 16:00:04','2019-10-15 16:00:04'),(244,'1571144409568-image.png',45,NULL,'2019-10-15 16:00:09','2019-10-15 16:00:09'),(245,'1571144415057-image.png',45,NULL,'2019-10-15 16:00:15','2019-10-15 16:00:15'),(246,'1571144424752-image.png',45,NULL,'2019-10-15 16:00:24','2019-10-15 16:00:24'),(247,'1571144429600-image.png',45,NULL,'2019-10-15 16:00:29','2019-10-15 16:00:29'),(248,'1571144436596-image.png',45,NULL,'2019-10-15 16:00:36','2019-10-15 16:00:36'),(249,'1571145445088-image.png',46,NULL,'2019-10-15 16:17:25','2019-10-15 16:17:25'),(250,'1571145516719-image.png',46,NULL,'2019-10-15 16:18:36','2019-10-15 16:18:36'),(251,'1571145533651-image.png',46,NULL,'2019-10-15 16:18:53','2019-10-15 16:18:53'),(252,'1571145567909-image.png',46,NULL,'2019-10-15 16:19:27','2019-10-15 16:19:27'),(253,'1571145592206-image.png',46,NULL,'2019-10-15 16:19:52','2019-10-15 16:19:52'),(254,'1571145613615-image.png',46,NULL,'2019-10-15 16:20:13','2019-10-15 16:20:13'),(255,'1571145861912-image.png',46,NULL,'2019-10-15 16:24:21','2019-10-15 16:24:21'),(269,'1579864449611-image.png',48,1,'2020-01-24 11:14:15','2020-01-29 14:28:49'),(270,'1579864804498-image.png',48,2,'2020-01-24 11:22:25','2020-01-29 14:28:49'),(271,'1579864820772-image.png',48,3,'2020-01-24 11:22:25','2020-01-29 14:28:49'),(272,'1579864857976-image.png',48,4,'2020-01-24 11:22:25','2020-01-29 14:28:49'),(273,'1579864898162-image.png',48,5,'2020-01-24 11:22:25','2020-01-29 14:28:49'),(274,'1579864935419-image.png',48,0,'2020-01-24 11:22:25','2020-01-29 14:28:49'),(275,'1580312524038-image.png',63,NULL,'2020-01-29 15:45:29','2020-01-29 15:56:09'),(276,'1580312571842-image.png',63,NULL,'2020-01-29 15:45:29','2020-01-29 15:56:09'),(277,'1580312599279-image.png',63,NULL,'2020-01-29 15:45:29','2020-01-29 15:56:09'),(278,'1580312659430-image.png',63,NULL,'2020-01-29 15:45:29','2020-01-29 15:56:09'),(279,'1580312681549-image.png',63,NULL,'2020-01-29 15:45:29','2020-01-29 15:56:09'),(280,'1580313606044-image.png',65,NULL,'2020-01-29 16:07:30','2020-01-29 16:07:30'),(281,'1580313692290-image.png',65,NULL,'2020-01-29 16:07:30','2020-01-29 16:07:30'),(282,'1580313713341-image.png',65,NULL,'2020-01-29 16:07:30','2020-01-29 16:07:30'),(283,'1580313741371-image.png',65,NULL,'2020-01-29 16:07:30','2020-01-29 16:07:30'),(284,'1580313773336-image.png',65,NULL,'2020-01-29 16:07:30','2020-01-29 16:07:30'),(285,'1580384884741-image.png',66,NULL,'2020-01-30 11:54:23','2020-01-30 11:54:23'),(286,'1580384899038-image.png',66,NULL,'2020-01-30 11:54:23','2020-01-30 11:54:23'),(287,'1580384913941-image.png',66,NULL,'2020-01-30 11:54:23','2020-01-30 11:54:23'),(288,'1580384926395-image.png',66,NULL,'2020-01-30 11:54:23','2020-01-30 11:54:23'),(289,'1580384954466-image.png',66,NULL,'2020-01-30 11:54:23','2020-01-30 11:54:23'),(290,'1580384960762-image.png',66,NULL,'2020-01-30 11:54:23','2020-01-30 11:54:23'),(291,'1580384970408-image.png',66,NULL,'2020-01-30 11:54:23','2020-01-30 11:54:23'),(292,'1580384978277-image.png',66,NULL,'2020-01-30 11:54:23','2020-01-30 11:54:23'),(337,'1580385492089-image.png',71,NULL,'2020-01-30 13:00:21','2020-01-30 13:36:02'),(338,'1580385508146-image.png',71,NULL,'2020-01-30 13:00:21','2020-01-30 13:36:02'),(339,'1580385519348-image.png',71,NULL,'2020-01-30 13:00:21','2020-01-30 13:36:02'),(340,'1580385527013-image.png',71,NULL,'2020-01-30 13:00:21','2020-01-30 13:36:02'),(341,'1580385539688-image.png',71,NULL,'2020-01-30 13:00:21','2020-01-30 13:36:02'),(342,'1580385553027-image.png',71,NULL,'2020-01-30 13:00:21','2020-01-30 13:36:02'),(343,'1580385609918-image.png',71,NULL,'2020-01-30 13:00:21','2020-01-30 13:36:02'),(344,'1580385716069-image.png',71,NULL,'2020-01-30 13:00:21','2020-01-30 13:36:02'),(345,'1580385749062-image.png',71,NULL,'2020-01-30 13:00:21','2020-01-30 13:36:02'),(346,'1580385814539-image.png',71,NULL,'2020-01-30 13:00:21','2020-01-30 13:36:02'),(347,'1580385849121-image.png',71,NULL,'2020-01-30 13:00:21','2020-01-30 13:36:02'),(348,'1580393335549-image.png',72,NULL,'2020-01-30 14:11:59','2020-01-30 14:14:29'),(349,'1580393343337-image.png',72,NULL,'2020-01-30 14:11:59','2020-01-30 14:14:29'),(350,'1580393354227-image.png',72,NULL,'2020-01-30 14:11:59','2020-01-30 14:14:29'),(351,'1580393361219-image.png',72,NULL,'2020-01-30 14:11:59','2020-01-30 14:14:29'),(352,'1580393383149-image.png',72,NULL,'2020-01-30 14:11:59','2020-01-30 14:14:29'),(353,'1580393440230-image.png',72,NULL,'2020-01-30 14:11:59','2020-01-30 14:14:29'),(354,'1580393445776-image.png',72,NULL,'2020-01-30 14:11:59','2020-01-30 14:14:29'),(355,'1580393475676-image.png',72,NULL,'2020-01-30 14:11:59','2020-01-30 14:14:29'),(356,'1580393516253-image.png',72,NULL,'2020-01-30 14:11:59','2020-01-30 14:14:29'),(357,'1580395018484-hewrypwyjvw.jpg',73,NULL,'2020-01-30 14:39:15','2020-01-30 19:27:10'),(358,'1580395030518-ogbljhr4yaa.jpg',73,NULL,'2020-01-30 14:39:15','2020-01-30 19:27:10'),(359,'1580395041914-lews_17xn70.jpg',73,NULL,'2020-01-30 14:39:15','2020-01-30 19:27:10'),(360,'1580395058330-yvcpdldhgzo.jpg',73,NULL,'2020-01-30 14:39:15','2020-01-30 19:27:10'),(361,'1580396296828-image.png',74,0,'2020-01-30 15:02:33','2020-01-30 19:07:49'),(362,'1580396307916-image.png',74,2,'2020-01-30 15:02:33','2020-01-30 19:07:49'),(363,'1580396322786-image.png',74,3,'2020-01-30 15:02:33','2020-01-30 19:07:49'),(364,'1580409141346-image.png',74,1,'2020-01-30 18:35:55','2020-01-30 19:07:49'),(365,'1580408850794-image.png',74,4,'2020-01-30 18:35:55','2020-01-30 19:07:49'),(366,'1580408874440-image.png',74,5,'2020-01-30 18:35:55','2020-01-30 19:07:49'),(367,'1580408909041-image.png',74,6,'2020-01-30 18:35:55','2020-01-30 19:07:49'),(368,'1580411796602-image.png',76,NULL,'2020-01-30 19:18:02','2020-01-30 19:22:28'),(369,'1580411806195-image.png',76,NULL,'2020-01-30 19:18:02','2020-01-30 19:22:28'),(370,'1580411815795-image.png',76,NULL,'2020-01-30 19:18:02','2020-01-30 19:22:28'),(371,'1580411825034-image.png',76,NULL,'2020-01-30 19:18:02','2020-01-30 19:22:28'),(372,'1580411838728-image.png',76,NULL,'2020-01-30 19:18:02','2020-01-30 19:22:28'),(373,'1580411851042-image.png',76,NULL,'2020-01-30 19:18:02','2020-01-30 19:22:28'),(374,'1580411867573-image.png',76,NULL,'2020-01-30 19:18:02','2020-01-30 19:22:28'),(375,'1580412368363-image.png',73,NULL,'2020-01-30 19:27:10','2020-01-30 19:27:10'),(376,'1580412383774-image.png',73,NULL,'2020-01-30 19:27:10','2020-01-30 19:27:10'),(377,'1580412395940-image.png',73,NULL,'2020-01-30 19:27:10','2020-01-30 19:27:10'),(378,'1580412409150-image.png',73,NULL,'2020-01-30 19:27:10','2020-01-30 19:27:10'),(379,'1580412419583-image.png',73,NULL,'2020-01-30 19:27:10','2020-01-30 19:27:10');
/*!40000 ALTER TABLE `photos` ENABLE KEYS */;
UNLOCK TABLES;

--
-- Table structure for table `places`
--

DROP TABLE IF EXISTS `places`;
/*!40101 SET @saved_cs_client     = @@character_set_client */;
/*!50503 SET character_set_client = utf8mb4 */;
CREATE TABLE `places` (
  `id` int(10) unsigned NOT NULL AUTO_INCREMENT,
  `title` varchar(255) DEFAULT NULL,
  `picture_url` varchar(255) DEFAULT NULL,
  `working_hours` varchar(255) DEFAULT NULL,
  `price` varchar(255) DEFAULT NULL,
  `admin_id` int(10) unsigned DEFAULT NULL,
  `entertainment_id` int(10) unsigned DEFAULT NULL,
  `is_active` tinyint(1) DEFAULT '1',
  `about_prices` text,
  `description` text,
  `created_at` datetime DEFAULT NULL,
  `updated_at` datetime DEFAULT NULL,
  PRIMARY KEY (`id`),
  KEY `places_admin_id_foreign` (`admin_id`),
  KEY `places_entertainment_id_foreign` (`entertainment_id`),
  CONSTRAINT `places_admin_id_foreign` FOREIGN KEY (`admin_id`) REFERENCES `users` (`id`) ON DELETE SET NULL,
  CONSTRAINT `places_entertainment_id_foreign` FOREIGN KEY (`entertainment_id`) REFERENCES `entertainments` (`id`) ON DELETE SET NULL
) ENGINE=InnoDB AUTO_INCREMENT=77 DEFAULT CHARSET=utf8 COLLATE=utf8_general_ci;
/*!40101 SET character_set_client = @saved_cs_client */;

--
-- Dumping data for table `places`
--

LOCK TABLES `places` WRITE;
/*!40000 ALTER TABLE `places` DISABLE KEYS */;
INSERT INTO `places` VALUES (10,'Пейнтбольный клуб \"БЛОК-ПОСТ\"','1570362869981-cropped-Club-Block-Post..jpg',' ежедневно с 9:00 до 21:00','310 грн / 300 шаров',12,1,1,'АКЦИЯ 500 шаров + амуниция = 400 грн при заказе от 10 и более','{\"blocks\":[{\"key\":\"2e7fm\",\"text\":\"Пейнтбол в Запорожье\",\"type\":\"header-one\",\"depth\":0,\"inlineStyleRanges\":[{\"offset\":0,\"length\":20,\"style\":\"TITLE\"}],\"entityRanges\":[],\"data\":{}},{\"key\":\"1aft8\",\"text\":\"Пейнтбол в Запорожье – новое увлечение многих, которое дарит прилив адреналина, ощущение экстрима и просто превосходное настроение! Эта игра создана для настоящих мужчин, и она не компьютерная, а реальная! Вы сможете проявить себя как настоящий боец, показать все свои мужские и лидерские качества.\",\"type\":\"unstyled\",\"depth\":0,\"inlineStyleRanges\":[{\"offset\":0,\"length\":298,\"style\":\"BODY\"}],\"entityRanges\":[],\"data\":{}},{\"key\":\"4orn6\",\"text\":\"Пейнтбол в Запорожье: для кого?\",\"type\":\"header-two\",\"depth\":0,\"inlineStyleRanges\":[{\"offset\":0,\"length\":31,\"style\":\"TITLE\"}],\"entityRanges\":[],\"data\":{}},{\"key\":\"2ahu0\",\"text\":\"Пейнтбол в Запорожье привлекает по большей части мужчин, так как их особенно интересует военно-приключенческая тематика, но даже дети и девушки приходят, чтобы поучаствовать в сражении! К игре допускаются дети от четырнадцати лет, с разрешения родителей. Верхней планки в возрастных ограничениях нет. Если вы чувствуете, что в состоянии уйти от пуль и совершать перебежки между укрытиями, тогда спокойно можете идти на пейнтбол в Запорожье!\",\"type\":\"unstyled\",\"depth\":0,\"inlineStyleRanges\":[{\"offset\":0,\"length\":440,\"style\":\"BODY\"}],\"entityRanges\":[],\"data\":{}},{\"key\":\"9p70f\",\"text\":\" \",\"type\":\"unstyled\",\"depth\":0,\"inlineStyleRanges\":[],\"entityRanges\":[{\"offset\":0,\"length\":1,\"key\":0}],\"data\":{}},{\"key\":\"rd2r\",\"text\":\"Повод, чтобы поиграть!\",\"type\":\"header-two\",\"depth\":0,\"inlineStyleRanges\":[{\"offset\":0,\"length\":22,\"style\":\"TITLE\"}],\"entityRanges\":[],\"data\":{}},{\"key\":\"5d807\",\"text\":\"Часто пейнтбол в Запорожье заказывают на корпоративы, поскольку пейнтбол является отличным средством для сплочения членов коллектива и выявляет стопроцентных лидеров. Мальчишник или День Рождения тоже повод чтобы показать себя настоящим бойцом. К нам приезжают даже просто провести субботний или воскресный вечер!\",\"type\":\"unstyled\",\"depth\":0,\"inlineStyleRanges\":[{\"offset\":0,\"length\":313,\"style\":\"BODY\"}],\"entityRanges\":[],\"data\":{}},{\"key\":\"2sfs\",\"text\":\" \",\"type\":\"unstyled\",\"depth\":0,\"inlineStyleRanges\":[{\"offset\":0,\"length\":1,\"style\":\"BODY\"}],\"entityRanges\":[{\"offset\":0,\"length\":1,\"key\":1}],\"data\":{}},{\"key\":\"b6p6d\",\"text\":\"Как правильно играть?\",\"type\":\"header-two\",\"depth\":0,\"inlineStyleRanges\":[{\"offset\":0,\"length\":21,\"style\":\"TITLE\"}],\"entityRanges\":[],\"data\":{}},{\"key\":\"53aln\",\"text\":\"Стандартный и тактический пейнтбол. Правила игры в пейнтбол в Запорожье достаточно просты. На открытой местности или же в закрытом помещении группа людей разбивается на команды. В каждой команде игрокам, по желанию, раздаются привилегии атакующего, защищающего и помощника. Скрываясь за препятствиями, игроки должны победить соперников, разрушив их базу, или выводя из игры большее количество игроков. При попадании в игрока, он обязан поднять оружие и покинуть поле боя, в некоторых видах до конца игры, но иногда он идет на «респаун», то есть через некоторое время возвращается в игру. Пейнтбол в Запорожье может иметь несколько сценариев, а потому могут измениться некоторые пункты правил. Тактический пейнтбол отличается от стандартного использованием маркеров в тактическом обвесе.\",\"type\":\"unstyled\",\"depth\":0,\"inlineStyleRanges\":[{\"offset\":0,\"length\":35,\"style\":\"UNDERLINE\"},{\"offset\":0,\"length\":786,\"style\":\"BODY\"}],\"entityRanges\":[],\"data\":{}},{\"key\":\"co380\",\"text\":\"Пистолетный пейнтбол. У нас Вы также можете сразиться в пистолетный пейнтбол, где игроку выдают пистолет, который стреляет пулями. Каждый раунд рассчитан на десять выстрелов, что отлично для небольших сражений! Это своеобразная дуэль, в которой есть только один победитель.\",\"type\":\"unstyled\",\"depth\":0,\"inlineStyleRanges\":[{\"offset\":0,\"length\":21,\"style\":\"UNDERLINE\"},{\"offset\":0,\"length\":273,\"style\":\"BODY\"}],\"entityRanges\":[],\"data\":{}},{\"key\":\"3n4cj\",\"text\":\"Пейнтбол — правильный выбор! Почему?\",\"type\":\"header-two\",\"depth\":0,\"inlineStyleRanges\":[{\"offset\":0,\"length\":36,\"style\":\"TITLE\"}],\"entityRanges\":[],\"data\":{}},{\"key\":\"vtcf\",\"text\":\"Многие спрашивают, что же такого интересного в пейнтболе? Пейнтбол в Запорожье дарит возможность:\",\"type\":\"unstyled\",\"depth\":0,\"inlineStyleRanges\":[{\"offset\":0,\"length\":97,\"style\":\"BODY\"}],\"entityRanges\":[],\"data\":{}},{\"key\":\"asbsp\",\"text\":\"Выбросить агрессию и снять стресс.\",\"type\":\"unordered-list-item\",\"depth\":0,\"inlineStyleRanges\":[{\"offset\":0,\"length\":34,\"style\":\"BODY\"}],\"entityRanges\":[],\"data\":{}},{\"key\":\"24u6d\",\"text\":\"Побывать в эпицентре событий сражения и применить роль крутого парня, который не даёт спуску сопернику.\",\"type\":\"unordered-list-item\",\"depth\":0,\"inlineStyleRanges\":[{\"offset\":0,\"length\":103,\"style\":\"BODY\"}],\"entityRanges\":[],\"data\":{}},{\"key\":\"15n0r\",\"text\":\"Размяться и улучшить свою физическую форму, а потом до хрипа обсуждать с друзьями, кто же лучше всех показал себя в бою.\",\"type\":\"unordered-list-item\",\"depth\":0,\"inlineStyleRanges\":[{\"offset\":0,\"length\":120,\"style\":\"BODY\"}],\"entityRanges\":[],\"data\":{}},{\"key\":\"32rok\",\"text\":\"Почувствовать дружескую спину в сражении ощутить дух товарищества.\",\"type\":\"unordered-list-item\",\"depth\":0,\"inlineStyleRanges\":[{\"offset\":0,\"length\":66,\"style\":\"BODY\"}],\"entityRanges\":[],\"data\":{}},{\"key\":\"droel\",\"text\":\"Клуб «БлокПост» отличное место для Пейнтбола в Запорожье!\",\"type\":\"header-two\",\"depth\":0,\"inlineStyleRanges\":[{\"offset\":0,\"length\":57,\"style\":\"TITLE\"}],\"entityRanges\":[],\"data\":{}},{\"key\":\"2l31v\",\"text\":\"Играя в пейнтбол в Запорожье в Клубе «БлокПост», Вы сможете ощутить все это на себе, при том в полном комфорте! Мы предоставляем новейшее оружие (2018 г.) и обмундирование, а также усовершенствованные маски, защитные стекла которые не запотевают. Это огромный плюс, так как в ходе сражения и быстрых перебежек между препятствиями человек, естественно, часто дышит, из-за чего стекло запотевает, и возможность обзора ухудшается! Приходится снимать маску и вытирать её, что очень неудобно. Но во время игры в пейнтбол в Запорожье в клубе «БлокПост» с нашими масками такого не происходит! Почувствуй себя крутым бойцом, снаряженным по последнему слову техники.\",\"type\":\"unstyled\",\"depth\":0,\"inlineStyleRanges\":[{\"offset\":0,\"length\":657,\"style\":\"BODY\"}],\"entityRanges\":[],\"data\":{}},{\"key\":\"fllt6\",\"text\":\" \",\"type\":\"unstyled\",\"depth\":0,\"inlineStyleRanges\":[{\"offset\":0,\"length\":1,\"style\":\"BODY\"}],\"entityRanges\":[{\"offset\":0,\"length\":1,\"key\":2}],\"data\":{}},{\"key\":\"1sber\",\"text\":\"Чтобы поиграть в пейнтбол в Запорожье, Вам всего лишь необходимо записаться по номеру телефона +380961039348\",\"type\":\"unstyled\",\"depth\":0,\"inlineStyleRanges\":[{\"offset\":0,\"length\":95,\"style\":\"BODY\"},{\"offset\":95,\"length\":13,\"style\":\"BOLD\"}],\"entityRanges\":[],\"data\":{}}],\"entityMap\":{\"0\":{\"type\":\"IMAGE\",\"mutability\":\"MUTABLE\",\"data\":{\"height\":\"495\",\"src\":\"http://www.laser-tag.zp.ua/wp-content/uploads/2018/03/Club-Block-Post-Paintball.jpg\",\"width\":\"660\"}},\"1\":{\"type\":\"IMAGE\",\"mutability\":\"MUTABLE\",\"data\":{\"height\":\"288\",\"src\":\"http://www.laser-tag.zp.ua/wp-content/uploads/2018/03/korporativniy-paintball.jpg\",\"width\":\"470\"}},\"2\":{\"type\":\"IMAGE\",\"mutability\":\"MUTABLE\",\"data\":{\"height\":\"449\",\"src\":\"http://www.laser-tag.zp.ua/wp-content/uploads/2018/03/Paintball-Club-Block-Post..jpg\",\"width\":\"800\"}}}}','2019-10-06 14:59:48','2020-01-28 23:07:41'),(11,'Бильярдный клуб Армада','1570388845246-3mn3ujqvpbi_138779813189.jpg','ежедневно 10:00 - 02:00','60 грн / час',NULL,8,1,NULL,'<p><br></p>','2019-10-06 22:07:26','2019-10-15 16:06:29'),(12,'Клуб \"СЭМ\": отель, сауна, бильярд','1570389995885-ST1A7563-1-475x345.jpg.pagespeed.ce.0fihG92whO.jpg','ежедневно','60 грн / час',NULL,8,1,NULL,'<p><br></p>','2019-10-06 22:28:41','2019-10-15 11:55:39'),(13,'Паб «Бастион: Центральная крепость»','1570641734718-pub-Bastion-zaporozje.jpg','без выходных, с 11:00 до 00:00','70 грн / час',NULL,8,1,NULL,'<p><br></p>','2019-10-06 23:14:48','2019-10-09 20:22:18'),(14,'Пивоварня - STERNBIER','1570394010802-int1.jpg','ежедневно с 11:00 до 23:00','70 грн / час',NULL,8,1,NULL,'<p><strong>Уютная атмосфера:</strong></p>\n<p>3 зала</p>\n<p>Интерьер в стиле LOFT</p>\n<p>Приятная музыка</p>\n<p>Настоящий камин</p>\n<p><strong>Бильярдный зал:</strong></p>\n<p>5 столов для русского бильярда</p>\n<p>1 стол для американского PULL\'а</p>\n<p>Отдельные шкафчики</p>\n<p>Мягкие диваны.</p>\n<p><strong>Пиво собственного производства:</strong></p>\n<p>5 сортов</p>\n<p>Неповторимый вкус каждого сорта</p>\n<p><strong>Трансляции футбольных матчей:</strong></p>\n<p>Большие экраны</p>\n<p>Самые интересные футбольные события</p>\n<p>Возможность поболеть за любимую команду.</p>','2019-10-06 23:36:10','2019-10-11 15:16:26'),(15,'CUBE - Virtual Reality Club','1570396162745-getlstd-property-photo.jpg','ежедневно с 12:00 до 23:00','200 грн / час',NULL,9,1,NULL,'<p>Найкращі окуляри віртуальної реальності від HTC Vive дозволяють переміститися на 60<br>\nхвилин у незвідані світи. Ти боротимешся з зомбі, потрапиш<br>\nу міжгалактичний простір всесвіту і просто відчуєш нереальні емоції.</p>','2019-10-07 00:13:48','2019-10-07 17:38:48'),(16,'Интернет-салон «Галактика»','1570456879811-1-1.png','ежедневно с 7:30 до 22:00','50 грн / 3 часа',NULL,9,1,NULL,'<p>Интернет-салон «Галактика» открыт в 2001 году и является одним из первых интернет клубов в центре города Запорожья с оборудованной стоянкой для автомобилей.</p>\n<p>Клуб работает без выходных и праздников, с 7.30-22.00 и имеет современное компьютерное оборудование.</p>\n<p>На компьютерах установлены самые новые и разнообразные игры, программы для работы с документами. Мощные компьютеры, мониторы и подключение по оптическому волокну к сверхскоростному интернету, позволяют обеспечить высокое качество видеоизображения, как во время игр, так и при работе в Skype.</p>\n<p>Интернет-салон «Галактика» для частных предпринимателей оказывает помощь в наборе хозяйственных договоров и коммерческих предложений, помогает в осуществлении ими документообмена по электронной почте. Особенно в нашем салоне уделяется внимание предпринимателям, не имеющим собственных офисов и компьютерной техники.</p>\n<p>Любителям коллективных компьютерных игр, мы предлагаем специальные игровые компьютеры с современными видеокартами и мониторами с высокими разрешающими характеристиками.</p>','2019-10-07 17:03:11','2019-10-07 17:03:41'),(19,'Интернет клуб INFINITY','1570649223199-image.png','Круглосуточно','14 грн / час',NULL,9,1,NULL,'<p>🖥Компьютерный клуб №1</p>\n<p>🎮Sony PlayStation4 Pro зона</p>\n<p>🎗VIP-зоны</p>\n<p>🏆Проведение чемпионатов</p>\n<p>🍔Аппетитный фуд-корт</p>\n<p>⌚️Открыто 24/7</p>\n<p>☎️8(7132)776101</p>\n<p>📲WhatsApp⤵️</p>\n<p>wa.me/77022556474</p>\n<p><br></p>','2019-10-07 18:22:55','2019-10-09 22:27:10'),(20,'Skynet, Интернет-клуб','1570464686367-image.png','Круглосуточно','от 6 грн до 25 грн / час',NULL,9,1,NULL,'<p>Интернет клуб \"Skynet\" работает исключительно для ВАС дорогие наши клиенты. Только у нас Вы можете приятно и уютно отдохнуть, поработать за компьютером, поговорить по Skype с близкими и насладиться игрой на консоли Sony Playstation 3. Также круглые сутки для Вас работает МиниБар и КопиЦентр.Кроме обычных услуг копицентра, - распечатка, ксерокопия, 2 вида переплета, ламинация, - мы также предоставляем услуги ТИПОГРАФИИ, а именно: офсетная печать практически на любых видах бумаги, печать на сувенирной продукции, шелкотрафаретная печать, Уфлак и т.д. Планируется открытие отдела канцтоваров.Совсем недавно в нашем клубе открылись VIP-кабинки для Skype и VIP-зал для Sony Playstation 3. В VIP-кабинках стоят компьютеры с монитором диагональю \"22\", чтобы Вы лучше могли видеть своих близких; более мощные системные блоки с игровыми видеокартами и клавиатура, мышь, WEB камера, наушники высокого качества. В VIP-зале для PS3 стоит телевизор PHILIPS 47 диагонали с разрешением Full HD? а также мягкий кожаный диван, чтобы Вы могли уютно отдохнуть от повседневной суеты.</p>','2019-10-07 18:48:34','2019-10-07 19:11:38'),(21,'Компьютерный клуб \"ФЕНИКС\"','1570465427957-image.png','ежедневно с 8:00 до 22:00','12 грн / час',NULL,9,1,NULL,'<p>Компьютерный клуб \"ФЕНИКС\"<br>\n<br>\n1 час игры - 12 грн<br>\n3 часа - 30 грн<br>\n12 часов - 85 грн<br>\nНочной пакет 50 грн<br>\n<br>\nСовременные компьютеры, лицензионные игры. У нас Вам понравиться</p>','2019-10-07 19:25:29','2019-10-07 19:33:54'),(22,'Cybersport Club CONSOLE v2.0','1570471479182-image.png','Круглосуточно','12 грн / час',12,9,1,'','{\"blocks\":[{\"key\":\"1ejv4\",\"text\":\"ПРАВИЛА КЛУБА\",\"type\":\"unstyled\",\"depth\":0,\"inlineStyleRanges\":[{\"offset\":0,\"length\":13,\"style\":\"SUBTITLE\"},{\"offset\":0,\"length\":13,\"style\":\"BODY\"},{\"offset\":0,\"length\":13,\"style\":\"TITLE\"}],\"entityRanges\":[],\"data\":{}},{\"key\":\"bvqu6\",\"text\":\"Нарушение правил, карается снятием времени без возврата де\",\"type\":\"unstyled\",\"depth\":0,\"inlineStyleRanges\":[{\"offset\":0,\"length\":58,\"style\":\"BODY\"}],\"entityRanges\":[],\"data\":{}},{\"key\":\"2rv8t\",\"text\":\"1. Запрещается находиться в Интернет - клубе в состоянии сильного алкогольного, наркотического или токсического опьянения. \",\"type\":\"unstyled\",\"depth\":0,\"inlineStyleRanges\":[{\"offset\":0,\"length\":123,\"style\":\"BODY\"}],\"entityRanges\":[],\"data\":{}},{\"key\":\"fo3ru\",\"text\":\"2. Запрещается курить в помещениях, не предназначенных для этого (зал, санузел, тамбур)\",\"type\":\"unstyled\",\"depth\":0,\"inlineStyleRanges\":[{\"offset\":0,\"length\":87,\"style\":\"BODY\"}],\"entityRanges\":[],\"data\":{}},{\"key\":\"51j7\",\"text\":\"3. Запрещается приносить с собой еду, напитки для употребления их в помещении Интернет - клуба.\",\"type\":\"unstyled\",\"depth\":0,\"inlineStyleRanges\":[{\"offset\":0,\"length\":95,\"style\":\"BODY\"}],\"entityRanges\":[],\"data\":{}},{\"key\":\"5t555\",\"text\":\"4. Администрация не несёт ответственность за утерянные вещи. Не оставляйте свои вещи без присмотра.\",\"type\":\"unstyled\",\"depth\":0,\"inlineStyleRanges\":[{\"offset\":0,\"length\":99,\"style\":\"BODY\"}],\"entityRanges\":[],\"data\":{}},{\"key\":\"90nn9\",\"text\":\"5. Во время игры или работы за компьютером, постарайтесь тише выражать свои эмоции. Соблюдайте общепринятые правила поведения в общественных местах.\",\"type\":\"unstyled\",\"depth\":0,\"inlineStyleRanges\":[{\"offset\":0,\"length\":148,\"style\":\"BODY\"}],\"entityRanges\":[],\"data\":{}}],\"entityMap\":{}}','2019-10-07 21:07:58','2020-01-29 14:16:27'),(23,'Лучный Клуб \"Зверобой\"','1570473512967-image.png','Среда-Воскесенье 19:00 -21:00','75 грн / час',NULL,10,1,NULL,'<p>В нашем тире Вы сможете пострелять из разнообразных моделей луков, таких как: традиционный английский лук – лонг;<br>\nкрымско-татарский лук;<br>\nмодерн-лонг;<br>\nаварский лук;<br>\nвенгерский и др.<br>\n&nbsp; &nbsp;Все луки, представленные в лучном клубе «Зверобой», обладают высоким уровнем качества, что позволяет получать удовольствие от процесса стрельбы.<br>\n&nbsp; Кроме луков и стрел наш тир укомплектован необходимыми средствами безопасности, делающими процесс стрельбы из лука приятным и безопасным.</p>','2019-10-07 21:46:53','2019-10-15 13:46:40'),(24,'Стрелковый клуб \"АРМАДА\"','1570474626387-image.png','ежедневно с 12:00 до 22:00','30 грн / 10 выстрелов',NULL,10,1,NULL,'<p>Тировой комплекс «Армада» - это уникальная возможность попробовать себя в стрельбе из различных видов пневматического оружия.&nbsp;</p>\n<p>Убеждены, что наш ассортимент пневматического оружия и мишеней порадует каждого посетителя.</p>\n<p>&nbsp;<strong>Дистанция для стрельбы:</strong></p>\n<ul>\n  <li>9 метров;</li>\n  <li>25 метров;</li>\n  <li>Индивидуальные занятия по стрельбе из пневматического оружия.</li>\n  <li>Аренда дорожек для стрельбы из личного оружия.</li>\n  <li>Корпоративные турниры.</li>\n</ul>','2019-10-07 22:00:48','2019-10-07 22:06:45'),(25,'Перформанс Фредди','1570796393338-image.png','Ежедневно с 10:00 до 22:00',' от 600 до 800 грн',NULL,11,1,NULL,'<p>Жителей нашего города преследует один и тот же кошмар: во снах за ними крадется жуткий и обезображенный убийца – Фредди Крюгер. Теперь Фредди добрался и до вас. Вы можете защитить друг друга наяву, но во сне вы останетесь один на один с ожившим кошмаром. Вы окажетесь в реальности ночного кошмара, пропитанного атмосферой ужаса и криками заблудших душ, побываете в логове самого Фредди Крюгера и сразитесь с ним в попытке остаться в живых! Единственный способ защититься – побороть его во сне и проснуться за 60 минут...</p>\n<p><strong>Особенности</strong></p>\n<p>4 режима игры на выбор:<br>\nLite – минимальный контакт с актером;<br>\nMedium – средний уровень контакта с актером;<br>\nHard с болью – высокий уровень контакта с актером. Со стороны актера применяются действия, вызывающие боль;<br>\nUltra hard «Фредди и Джейсон» – с вами может произойти все, что угодно (заказывается заранее при бронировании. Доплата за данный режим – 200 гривен).</p>\n<p><strong>Цены</strong></p>\n<p>Стоимость игры для команды от 2 до 5 человек - от 600 до 800 гривен. Доплата за дополнительного игрока - 100 гривен</p>','2019-10-08 14:51:25','2019-10-11 15:33:51'),(26,'Детский квест «Дети Шпионов»','1570800465310-image.png','','от 600 грн',NULL,11,1,NULL,'<p>Новый детский квест-детектив для юных спецагентов, которым пройдется пройти через различные испытания, туннели, переходы, решить логические задания, открыть секретные тайники и тайное хранилище и конечно спасти всю нашу планету. На пути у Вас станут - логические препятствия и даже привидения.</p>\n<p>Детский квест «Дети Шпионов» в городе Запорожье рассчитан для детей возвратом от 7 лет. Идеально подходит для проведения Дня Рождений и детских мероприятий. Есть бесплатная комната отдыха, где вы и дети могут перекусить после квеста и выпить чай. Родители могут наблюдать за прохождением игры в отдельной комнате на большом экране, но при возврате детей до 10 лет – минимум один из родителей должен обязательно участвовать вместе с детьми. Если&nbsp; День Рождения ребенка совпадает с датой прохождения квеста – мы дарим вам 10% скидки на игру!</p>\n<p>«Дети Шпионов» - семейный квест, где вы и ваши дети весело и интересно проведете время, погрузитесь в мир шпионажа, разминируете бомбу, откроете секретное хранилище и множество тайников.</p>\n<p>Детский квест \"Дети шпионов\" в городе Запорожье расчитан на компанию детей от 3-х до 15-ти человек.&nbsp;</p>\n<p><br>\n</p>','2019-10-11 16:14:28','2019-10-11 16:27:50'),(27,'Могильный холод','1570800358754-image.png','','от 500 грн до 750 грн',NULL,11,1,NULL,'<p>Странные вещи происходят на городском кладбище.</p>\n<p>Местный сторож, который все больше становится похож на сумасшедшего, заявил журналистам и полиции, что кто-то разрывает могилы. Никто не придает значения его словам. Но однажды звонки от сторожа прекратились, а здешние бабушки заговорили о ночном призраке, который приходит за умершими.</p>\n<p>Что на самом деле происходит? Вам предстоит разгадать это. Вы отправитесь навестить сторожа и положить конец слухам.</p>\n<p><strong>Особенности</strong></p>\n<p>Квест с элементами перформанса</p>\n<p><strong>Цены</strong></p>\n<p>Стоимость игры для команды от 2 до 4 человек – от 500 до 750 гривен. Доплата за дополнительного игрока – 100 гривен</p>','2019-10-11 16:27:25','2019-10-11 16:30:51'),(28,'Лара Крофт','1570800738990-image.png','','от 600 до 750 грн',NULL,11,1,NULL,'<p>Отец Лары Крофт много лет назад отправился в Египет, в поисках важного для человечества артефакта, но так и не вернулся.</p>\n<p>Лара долго не могла смериться с его исчезновением.</p>\n<p>И вот однажды, в день своего рождения, она получает по почте подарок - головоломку от давно пропавшего отца.</p>\n<p>Благодаря ей Лара Крофт находит его тайный кабинет, где узнает недостающую информацию об экспедиции.</p>\n<p>Не долго думая Лара собирает вас в свою команду и отправляется в Египет, что бы узнать, что же случилось с ее отцом.</p>\n<p>Динамичный и технологичный квест Лара Крофт в Запорожье окунет вас в &nbsp;атмосферу египетской гробницы &nbsp;и позволит стать частью команды Tomb Raider.</p>\n<p>ВНИМАНИЕ! ЗАПИСЬ ПОСЛЕ 21.00 ПО ТЕЛ.: 0933246472</p>','2019-10-11 16:54:01','2019-10-11 17:07:10'),(29,'Улетный мальчишник','1570802205579-image.png','',' от 600 до 850 гривен',NULL,11,1,NULL,'<p>На кануне вы с друзьями отлично отметили малчишник, да так, что и не помните половину.</p>\n<p>И вот сегодня день свадьбы а Жених куда-то запропастился, да и вы не в самом удобном для себя положении.</p>\n<p>Свадьба через час, нужно срочно вспомнить вчерашний маршрут и найти жениха с кольцом))))</p>\n<p>Горячий квест Улётный мальчишник в Запорожье окунет вас в пикантную атмосферу комнаты в стиле 50 оттенков серого и позволит узнать на что способны ваши друзья)))</p>','2019-10-11 16:58:23','2019-10-11 17:03:14'),(30,'Поворот не туда','1570803091890-image.png','','от 500 грн',NULL,11,1,NULL,'<p>Задача вашей команды не просто выбраться из гаража, а успеть избежать столкновения с главарем байкерской банды и прихватить себе на память его любимую куртку. Вы с друзьями изобретательны, находчивы, любители пошалить и подшутить друг над другом. В один прекрасный момент ваши друзья устраивают вам настоящее испытание. После очередной гулянки вы просыпаетесь, а вокруг темнота. Немного порыскав по комнате, вы находите рубильник, включаете свет и видите, что вы в гараже одного из членов банды байкеров. Уже давно за полдень, и скоро хозяин придет за своим байком и явно не будет рад непрошеным гостям. У вас есть около часа, чтобы успеть выбраться через потайной лаз и не быть пойманными.</p>\n<p>Стоимость игры для команды от 2 до 4 человек – 500 гривен. Доплата за дополнительного игрока – 100 гривен</p>','2019-10-11 17:11:34','2019-10-11 17:14:55'),(31,'Detective story','1570803468655-image.png','','от 500 грн',NULL,11,1,NULL,'<p>Вы – команда детективов, которая получила задание разыскать человека. Вы нашли его и выяснили, что он знаменитый мошенник. Но злоумышленник заметил слежку и заманил вашу команду в дом, который у местного населения пользуется дурной славой, так как попавшему туда очень трудно выбраться. Дом хранит тайны, разгадав которые, вы получите ключ, который и откроет путь к вашей свободе.</p>\n<p>Но надо поторопиться! У вас есть всего лишь один час, чтобы справиться с замками, а потом огни погаснут, и вы останетесь в доме навсегда</p>','2019-10-11 17:19:01','2019-10-11 17:19:01'),(32,'Сауна Лагуна','1570905628044-image.png','Круглосуточно','от 300грн / час',2,6,1,'','<p>Стоимость сауны с бассейном 300грн / час до 6чел.<br>\nЗа каждого последующего человека доплата 50грн/час.</p>','2019-10-12 21:43:44','2020-01-18 12:48:46'),(33,'\"Аттика\" - Финская сауна','1570911973900-image.png','Круглосуточно','от 270 грн/час',NULL,6,1,NULL,'<p>Каждому из нас время от времени необходим отдых, чтобы снять накопившееся напряжение и усталость, как следует расслабится и отдохнуть, окунуться в атмосферу спокойствия, а так же получить заряд физической и душевной энергии. В сауне Аттика есть все, чтобы помочь Вам восстановить силы и улучшить самочувствие. Вы можете отдохнуть у нас всей семьей или в кругу близких друзей.</p>','2019-10-12 23:31:28','2019-10-12 23:31:28'),(34,'Баня Сауна «ВОДОЛЕЙ»','1570981774216-image.png','Круглосуточно','от 300 грн / час',NULL,6,1,NULL,'<p>Это просторная баня в которой есть всё что бы прекрасно проводить время с друзьями или семьёй.<br>\n<br>\nБольшая комната отдыха - стол длиной 3 метра, способный разместить 14 человек, 2 кресла, маленький стеклянный журнальный столик, телевизор, барная стойка с посудой, мойка с горячей водой, электрический чайник, микроволновка, холодильник, диван, шкаф купе, Wi-Fi.<br>\n<br>\nДушевая – 2 душевые колонны и ведро водопад с холодной водой.<br>\n<br>\nБассейн - размер 3х6 м, глубина 1,5 м, температура 28 градусов подходит как для плавания, так и для охлаждения после парной. В бассейне есть противоток для любителей плавания и гидромассажа.<br>\n<br>\nПарилка – сердце бани, собрана из липы, со вставками из гималайской соли, которая благотворно влияет на органы дыхания, печь каменка топится дровами, 300 кг камней дают хороший пар и долго держат тепло.<br>\n<br>\nВеники – дуб, береза, канадский дуб, липа, эвкалипт.<br>\n<br>\nДополнительные услуги – доставка продуктов, массаж.<br>\n<br>\nСтоимость 300 грн в час до 6 человек, и 50 грн в час с человека если компания больше 6 человек, минимальный заказ 2 часа<br>\n<br>\nДанный вид досуга на сегодняшний день является одним самых доступных при цене 50 грн в час с человека</p>','2019-10-13 18:50:32','2019-10-13 18:50:32'),(35,'Банька на Космосе','1570993691984-image.png','ежедневно до 00:00','450 грн / час',NULL,6,1,NULL,'<p>Приглашаем &nbsp;посетить &nbsp;незабываемый и колоритный мир Центра здоровья \"Банька\" воссозданный по старинным технологиямчбанного искусства. Печь-каменка, создает удивительный и неповторимый целебный пар. Работают профессиональные Банщики, массажисты, всегда можно сделать банные процедуры по уходу и восстановлению здоровья. Между заходами в парную особенно эффективны СПА процедуры по уходу за телом маски, скрабы, гидро массажи. Особенность наших процедур в том, что вся косметика натуральная, без добавления искусственных ингредиентов и готовиться сразу перед нанесением, что гарантирует максимальный эффект.&nbsp;</p>\n<p>Теплый бассейн 4*5 метров. Прорубь под открытым небом. Ведро-водопад, все это не даст вам скучать и наполнит посещение Баньки незабываемыми ощущениями и зарядом бодрости на всю неделю. &nbsp;&nbsp;&nbsp;&nbsp;&nbsp;&nbsp;&nbsp;&nbsp;&nbsp;&nbsp;&nbsp;&nbsp;&nbsp;&nbsp;&nbsp;&nbsp;&nbsp;&nbsp;&nbsp;&nbsp;&nbsp;&nbsp;&nbsp;&nbsp;&nbsp;&nbsp;&nbsp;&nbsp;&nbsp;&nbsp;&nbsp;&nbsp;&nbsp;&nbsp;&nbsp;&nbsp;&nbsp;&nbsp;</p>\n<p>&nbsp;Концепция работы: Центр здоровья семейного типа. \"Баньку\" хорошо посещать с друзьями с семьей. И людям заботящимся о своем здоровье.</p>\n<p>Прекрасно сделать это семейной традицией!&nbsp;</p>\n<p>Для вашего максимального комфорта и удобства, нужно учесть что !!</p>\n<p>\"Банька\" не посещается для встреч пар. Крепкое спиртное у нас не принято, слабоалкогольные в ограниченном виде. В нетрезвом виде гостей не принимаем.</p>\n<p>Много впечатлений подарит молодильный чан – нежная банька на открытом воздухе. Температуру воды можно менять в зависимости от настроения и желания от горячей, вначале, до свежей в завершении посещения. Все это на закрытой прилегающей территории, где можно подышать свежим воздухом, насладиться атмосферой, пожарить шашлыки на барбекю, понежить себя массажами. &nbsp;Купель под открытым небом и бассейн насытит эмоциями посещение.</p>','2019-10-13 22:08:26','2019-10-13 22:24:47'),(36,'Сауна «Капитан» на Песках','1570996080638-image.png','Круглосуточно','от 250 грн / час',NULL,6,1,NULL,'<p>Банные принадлежности</p>\n<p>Все банные принадлежности – полотенца, простыни и тапочки индивидуально упакованы и входят в стоимость услуг.</p>\n<p>Бассейн с прозрачной чистой водой.</p>\n<p>К Вашим услугам чай - бесплатно</p>','2019-10-13 22:51:03','2019-10-13 22:54:15'),(37,'Сауна на Советской','1570996718543-image.png','Круглосуточно','от 250 грн / час',NULL,6,1,NULL,'<p><br></p>','2019-10-13 22:58:56','2019-10-13 23:02:21'),(38,'Семейная сауна «Прима»','1570997302041-image.png','ежедневно с 10:00 до 00:00','от 200 грн / час',NULL,6,1,NULL,'<p>Если Вы хотите насладиться идеальным паром – то Вам в Приму! В сауне имеется большая парилка на 6 человек. У нас чисто и комфортно, к Вашим услугам: ванная-джакузи, душ ведро-водопад, теплый душ, комната отдыха, бильярд. Посетителям выдаются: полотенца, простынь, тапочки, а в душе имеются: шампунь, пена для ванн, крем-гель для душа, ароматические масла для сауны. Мы хорошенько позаботились о том, чтоб вы не думали ни о чем, а просто отдыхали и получали удовольствие от пара!</p>\n<p><br></p>','2019-10-13 23:12:06','2019-10-13 23:17:41'),(39,'Бильярдный клуб \"АВРОРА\"','1571128731576-image.png','ежедневно с 13:00 до 00:00','60 грн / час',NULL,8,1,NULL,'<p>Бильярдный клуб \"Аврора\" работает специально для Вас, уважаемые любители бильярда.<br>\nУ нас Вы найдете приятное общение с нашим персоналом, помощь и потдержку профессиональных инструкторов, радушие нашего бармена. Для Вас установлены 8 игровых столов русского билярда. Для Вас звучит приятная музыка и создана атмосфера в которой будет легко общатся с друзьями и отдыхать.<br>\nБильярдный клуб \"Аврора\" открыт специально для Вас.</p>','2019-10-15 11:39:21','2019-10-15 12:04:39'),(40,'Пейнтбольный клуб \"Камелот\"','1571132911959-image.png','Круглосуточно','450 грн / 500 шаров',NULL,1,1,NULL,'<p>Прокат оборудования + 500 шаров = 450 грн !!!</p>','2019-10-15 12:48:42','2019-10-15 12:53:41'),(41,'Пейнтбольный клуб \"Гранит\"','1571133753157-image.png','Круглосуточно','400 грн / 2 часа',NULL,1,1,NULL,'<p>Цена на пейнтбол или за что Вы платите в пейнтбольном клубе.</p>\n<p>Сколько стоит поиграть в пейнтбол в Запорожье? Что включено в стоимость игры? Этими вопросами задается каждый, кто собирается поиграть в пейнтбол. Особенно, это касается тех, кто играет впервые и поэтому у них еще нет возможности сравнить и проанализировать ценовую политику того или иного пейнтбольного клуба Запорожья.</p>\n<p>Как правило, посетив сайты пейнтбольных клубов или обзвонив организаторов Вы узнаете, что в стоимость игры в пейнтбол входит прокат необходимого снаряжения и определенное количество шаров (выстрелов). А еще Вы узнаете, что цены вроде бы на одни и те же услуги пейнтбольных клубов могут отличаться в большую или меньшую сторону. Возникает резонный вопрос: почему и зачем платить больше? Всё очень просто: между качеством и стоимостью игры в пейнтбол существует прямая зависимость. Конечно, можно и сэкономить 10, 20 или даже 30 грн. А между тем, первый опыт игры в пейнтбол очень важен: он может либо навсегда привязать Вас к пейнтболу, либо навсегда отбить интерес.&nbsp;</p>\n<p>Итак, за что же Вы платите, играя в пейнтбол в пейнтбольном клубе \"Гранит\"?&nbsp;</p>\n<p>Во-первых, естественно, Вы платите за прокат снаряжения и шары, как и во всех других клубах. Но ведь снаряжение снаряжению рознь! У нас Вы можете быть уверены, что маркера будут безотказно стрелять, а баллоны уверенно держать давление. Мы регулярно обновляем свой арсенал и помимо закупки нового оборудования (далеко не самого дешевого!), тщательно следим за его техническим состоянием. А пейнтбольная форма у нас новая, чистая, красивая и модная - да-да! Разных размеров и расцветокШары шарам тоже рознь. Мы используем шары только европейских производителей, которые являются экологически чистым продуктом и имеют наполнитель, который легко смывается простой водой. Стоимость их несколько выше, чем шаров китайского производства, масляный наполнитель которых не отстирывается не только от нашей формы, но и от Вашей одежды. Кроме того, колкость европейских шаров (т.е, их способность раскалываться о препятствие) достаточно высока и за счёт этого риск получения гематом снижается в разы, по сравнению с шарами китайского качества.</p>\n<p>Во-вторых, мы стационарный клуб. И площадки у нас стационарные, специально подготовленные под пейнтбол. И свои площадки мы \"холим и лелеем\": убираем мусор, ветки, камни и прочие посторонние предметы; косим на площадках траву, чтобы игроки не бродили по-колено в зарослях и не споткнулись; добавляем на площадки новые интересные элементы; следим за целостностью сетки, которой затянуты по всему периметру площадки (а это более 1,5 га!), чтобы шальной шар не вылетел через дырку в сетке кому-нибудь из зрителей в глаз. И, как говорилось уже не один десяток раз, мы не проводим игр на \"диких\", необустроенных территориях, недостроях и прочих травмоопасных объектах. А это значит, что Вы платите за безопасность и за то, что можете смело привезти к нам на игру своих детей и друзей. А ещё за то, что Ваша игра в пейнтбол будет динамичной и интересной и не превратится в простую беготню с маркером по площадке а-ля \"три щита, две покрышки\", потому что каждая из наших площадок разработана и построена с учетом всех нюансов пейнтбольной игры и предпочтений игроков.</p>\n<p>В-третьих, в нашем клубе Вы платите за свой комфорт и за комфорт своих детей, друзей и всех, кого Вы возьмете с собой на пейнтбол. Потому что помимо того, чтобы стандартно получить снаряжение и выйти играть на площадку, Вам еще нужно будет где-то поставить автомобиль, переодеться, оставить вещи, умыться, освежиться, посетить туалет, отдохнуть, позаботиться о том, чтобы Ваши сопровождающие не скучали и т.д. и т.п. А в нашем клубе для этого есть все условия, такие, которые далеко не каждый пейнтбольный клуб может предложить! И раздевалки, и зоны отдыха, и водопровод, и вообще полностью чистая, облагороженная, охраняемая территория.</p>\n<p>Помимо этого, есть ещё много составляющих, которые включены в стоимость игры в пейнтбол в нашем клубе, например: работа с Вашей группой инструктора или инструкторов, которые Вас встретят, проводят, всё покажут-расскажут, проведут инструктаж, детям - помогут переодеться и ответят на всё их \"а почему?\", будут координировать игру на площадках, засыпать Вам шары и вести их учёт, протирать маски, следить за Вашей безопасностью и напоминать о том, что нельзя снимать маски на поле, а при выходе в пит-зону нужно надеть заглушку, а после игры всё уберут и т.д.&nbsp;</p>\n<p>Возможно, кто-то скажет, что можно обойтись и без всего этого, а просто, без ухищрений и изысков, поиграть где-нибудь на недострое, каким-нибудь старым маркерочком, видавшим виды и перешедшим в наследство организатору от второго, а то и третьего хозяина. Ну, а что - это же тоже вроде как пейнтбол! А можно, при совершенно незначительной разнице в цене, получить максимум&nbsp;удовольствия&nbsp;от игры в пейнтбол для себя и своих близких! Разве не для этого Вы играете в пейнтбол? В любом случае, выбор за Вами!</p>','2019-10-15 13:02:51','2019-10-15 13:28:21'),(42,'Клуб Активного Отдыха \"Гранит\"','1571135500688-image.png','Ежедневно','350 грн / час  (безлимит по кол-ву стрел и игроков)',NULL,10,1,NULL,'<p>стрельба из рекурсивных луков по оригинальным мишеням</p>','2019-10-15 13:32:33','2019-10-15 13:37:15'),(43,'Клуб \"Остров приключений\" - Пейнтбол','1571142572127-image.png','Ежедневно с 10:00 до 22:00','400 грн / чел',NULL,1,1,NULL,'<p>ЧТО БРАТЬ С СОБОЙ</p>\n<p>С собой следует взять удобную бегательную обувь, наколенники (не обязательно), теплый свитер (толстовка) для холодной времени года</p>\n<p>УДОБСТВА И ИНФРАСТРУКТУРА</p>\n<p>В зоне отдыха на видео ниже сейчас установлена теплая палатка (с мощной UFO) для того, чтоб можно было посидеть отдохнуть после активных игр даже зимой, а так же в палетке есть электрический чайник и микроволновая печь. Дополнительно в зоне отдыха установлены аттракционы \"Веселые борцы сумо\", \"Клетка\", настольный футбол \"Кикер\", Лучно арбалетный тир, рогаточный тир, минигольф. Стоимость аттракционов от 10 до 20 грн, уточняйте возможность проведения при подаче заявки. Для желающих мы можем провести лазертаг.</p>','2019-10-15 15:31:19','2019-10-15 15:42:40'),(44,'Клуб \"Остров приключений\" - Ребол','1571143395812-image.png','Ежедневно с 10:00 до 22:00','200 грн / чел',NULL,1,1,NULL,'<p>Ребол — вид пейнтбола позволяющий играть яркими многоразовыми шарами произвел революцию в развитии пейнтбола. Так получилось благодаря его достоинствам:</p>\n<ul>\n  <li>меньше травм и синяков т.к. шар гараздо мягче шара с краской;</li>\n  <li>шары многоразовые и поэтому за расход шаров платить не нужно. А как знают пейнтболисты — «Шаров много не бывает!</li>\n  <li>на игровом поле чисто и Вы не подскользнетесь, что очень важно для крытой арены, а Ваша одежда остается чистой;</li>\n  <li>стоимость игры становиться ниже в 2-3 раза и оплачивается только время игры;</li>\n  <li>тренировки становятся дешевле.</li>\n</ul>\n<p>Достоинствам ребола можно было возразить, что краской маркируются игроки и так понятно и фиксируется попадание, но к сожалению шары с краской маркируют игроков только при попадании в жесткую поверхность, а это колени, локти, защитная маска. Это только около 15-20 % попаданий ведь гораздо легче попасть в корпус игрока. На корпусе, у игроков жилеты и одежда, что смягчает удар и шар может даже не лопнуть.</p>','2019-10-15 15:44:30','2019-10-15 15:51:28'),(45,'Пейнтбольный клуб \"Stalker\"','1571144044073-image.png','Ежедневно с 8:00 до 23:00','450 грн / 500 шаров',NULL,1,1,NULL,'<p>Наш девиз - пейнтбол для всех и для каждого! Пейнтбольный клуб «Stalker» начал свою деятельность в 2009 году. ПК «Stalker» одним из первых в г.Запорожье открыл свою стационарную площадку. Мы предлагаем на выбор три игровые площадки. У нас самый большой арсенал маркеров, масок, форм и всей необходимой атрибутики, что позволяет качественно проводить игры с большим количеством участников.</p>','2019-10-15 15:55:40','2019-10-15 16:05:29'),(46,'Три Гнома','1571145416558-image.png','ежедневно с 12:00 до 00:00','60 грн / час',NULL,8,1,NULL,'<p>Запоріжжі багато місць, де можна пограти в більярд. Одне з них знаходиться в нашому розважальному центрі \"Три гнома\" До нас приходять відпочити і також в нашому залі для більярду проводять турніри. Так що якщо ви бажаєте пограти, ми вас чекаємо у нас. Крім гри, для вас у нас працює кафе, фінська сауна і лазня.</p>\n<p>Для невеликих компаній, для людей які відчувають себе комфортно в самоті. Відкрито 2 Vip зал з більярдними столами і всім що потрібно для відпочинку.</p>','2019-10-15 16:17:04','2019-10-15 16:25:15'),(47,'Развлекательный центр «КапиталистЪ»','1572980298313-IMGP3191.jpg','Ежедневно с 10:00 до 06:00','от 200 грн / час',NULL,12,1,NULL,'<p>Боулинг является вторым видом спорта по массовости играющих после футбола в мире и после баскетбола в США. <strong>Боулинг в Запорожье</strong> активно развивается, и во многом благодаря, своему семейному характеру. Более массовый вид спорта и придумать трудно. По природе своей - занятие это - сугубо семейное. Вы можете прийти в Боулинг Клуб всей семьей, посостязаться в мастерстве, потренироваться, наконец, отлично отдохнуть вместе.</p>\n<p>Принципиальное отличие боулинга от других видов спорта в том, что это не просто игра - это стиль жизни. Многие люди однажды попав в Боулинг Клуб и увлекшись игрой, потом не мыслят себе жизни без регулярных походов в Боулинг Центры, без встреч с друзьями, которые моментально приобретаются в подобных клубах, без обсуждения последних веяний по поводу \"прикида\", экипировки и аксессуаров.</p>\n<p>В том, что популярность боулинга стремительно растет, нет ничего удивительного. Помимо игрового азарта боулинг привлекает простотой правил - в него могут играть в буквальном смысле слова ВСЕ - 3-4 -летние дети, юные девушки, рассеянные профессора, пенсионеры, инвалиды. <strong>Боулинг в Запорожье</strong> обладает чудесной способностью объединять людей - как спорт и как игра, как путь к здоровью и хорошее развлечение.</p>\n<p>Сегодня боулинг - признанный вид семейного отдыха и профессиональный вид спорта. Международная Федерация Боулинга (FIQ) объединяет 125 национальных федераций: WTBA (Ассоциация игры в боулинг по системе 10 кегель) - 97 стран и WNBA (Ассоциация игры в боулинг по системе 9 кегель) - 28 стран.</p>\n<p>С точки зрения привлечения интереса к боулингу важную роль играет его демократичность и азартность. Научиться держать шар и правильно его бросать можно достаточно быстро, но затем на то, чтобы уметь стабильно выбивать более 250 очков может уйти вся жизнь.</p>','2019-11-05 18:26:30','2019-11-05 20:58:38'),(48,'Cosmic Bowling','1579863653134-image.png','Пн-Вс    с 11:00 до 2:00','от 189 грн',12,12,1,'Количество дорожек - 6\nМожно собрать команду\nдо 6 человек для игры\nна каждой дорожке\n\nПозвони нам для заказа дорожки:\n\n+380962680401\n+380953347407','{\"blocks\":[{\"key\":\"6ebf7\",\"text\":\"Приходите к нам и окунитесь с головой в зажигательные сеты лучших диджеев мира и в свою любимую игру! \",\"type\":\"unstyled\",\"depth\":0,\"inlineStyleRanges\":[],\"entityRanges\":[],\"data\":{}},{\"key\":\"2j48d\",\"text\":\"Диско-Боулинг в\\nCosmic Bowling – это модная музыка, отличное настроение и, конечно, боулинг. Интересные кулинарные решения от нашего шеф-повара не оставят вас равнодушными. Крейзи коктейли от наших сумасшедших барменов, а также врачи АЛКОЛОГИ. \",\"type\":\"unstyled\",\"depth\":0,\"inlineStyleRanges\":[],\"entityRanges\":[],\"data\":{}},{\"key\":\"13bvo\",\"text\":\"В Cosmic Bowling наши гости отдыхают, веселятся, встречаются со старыми друзьями и знакомятся с новыми. 6 профессиональных дорожек для боулинга. Где можно поиграть даже большой компанией. Будь то День Рождения, Мальчишник или даже Свадьба лучше места для празднования не найти. Ультрафиолетовое оформление в зоне игры и отдыха поможет создать особое настроение;\",\"type\":\"unstyled\",\"depth\":0,\"inlineStyleRanges\":[],\"entityRanges\":[],\"data\":{}}],\"entityMap\":{}}','2019-11-29 16:19:19','2020-01-29 14:28:42'),(63,'Роллердром «Рола-коло»','1580312433177-image.png','Ежедневно с 10:00 до 21:00','от 30 грн / час',12,16,1,'','{\"blocks\":[{\"key\":\"5ngel\",\"text\":\"\",\"type\":\"unstyled\",\"depth\":0,\"inlineStyleRanges\":[],\"entityRanges\":[],\"data\":{}}],\"entityMap\":{}}','2020-01-29 15:12:39','2020-01-29 15:45:29'),(65,'Крытый каток \"Метелица\"','1580313539582-image.png','','от 100 грн / час',NULL,16,1,'','{\"blocks\":[{\"key\":\"4a3n1\",\"text\":\"\",\"type\":\"unstyled\",\"depth\":0,\"inlineStyleRanges\":[],\"entityRanges\":[],\"data\":{}}],\"entityMap\":{}}','2020-01-29 16:07:30','2020-01-29 16:07:30'),(66,'Podium Art Bar','1580384860712-image.png','Ежедневно с 21:00 до 04:00','от 100 грн',NULL,14,1,'','{\"blocks\":[{\"key\":\"6abdq\",\"text\":\"\",\"type\":\"unstyled\",\"depth\":0,\"inlineStyleRanges\":[],\"entityRanges\":[],\"data\":{}}],\"entityMap\":{}}','2020-01-30 11:54:23','2020-01-30 11:54:23'),(71,'Jet Art Club','1580385363763-image.png','Ежедневно с 21:00 до 04:00','от 100 грн',12,14,1,'','{\"blocks\":[{\"key\":\"d5eoo\",\"text\":\"Арт клуб Jet  -  это уютный и вместительный  зал,  который зарекомендовал себя  как место проведения различных мероприятий: конференций, закрытых вечеринок, этно-вечеринок, конкурсов красоты, конкурсов современных и восточных танцев, концертов  живой музыки.  В этом году у нас в гостях были  такие группы  как: KDK, «Тiнь сонця», «Порнофильмы» , кавер бэнд «ASDC», а сейчас мы ждём в гости группу RADIO TAPOK.  Каждую неделю у нас проходят вечера живой музыки и выступают самые популярные группы и коллективы  нашего города. Арт клуб Jet  - ресурсная площадка для проведения различных мероприятий. Спортивные  клубы с удовольствием приглашают в наш клуб своих друзей, коллег и партнёров на...\",\"type\":\"unstyled\",\"depth\":0,\"inlineStyleRanges\":[{\"offset\":0,\"length\":12,\"style\":\"BOLD\"},{\"offset\":13,\"length\":680,\"style\":\"BODY\"}],\"entityRanges\":[],\"data\":{}}],\"entityMap\":{}}','2020-01-30 13:00:21','2020-01-30 13:36:02'),(72,'CROWBAR','1580393202119-image.png','ПТ-СБ 22:00-5:00','от 100 грн',12,14,1,'','{\"blocks\":[{\"key\":\"2ajp9\",\"text\":\"\",\"type\":\"unstyled\",\"depth\":0,\"inlineStyleRanges\":[],\"entityRanges\":[],\"data\":{}}],\"entityMap\":{}}','2020-01-30 14:08:12','2020-01-30 14:14:29'),(73,'Ресторан-караоке \"Очаг\"','1580412281079-image.png','ПT-СБ: 20:00 - 03:00; ВC: 8:00 - 01:00','',12,13,1,'','{\"blocks\":[{\"key\":\"cgm1\",\"text\":\"Что может быть лучше возможности расслабиться в компании друзей и забыть трудности рабочего дня с помощью любимых песен ? Караоке-бар \\\" ОЧАГ\\\" предоставит вам возможность исполнить желаемую песню одному , дуэтом либо же в компании друзей !\",\"type\":\"unstyled\",\"depth\":0,\"inlineStyleRanges\":[{\"offset\":0,\"length\":238,\"style\":\"BODY\"}],\"entityRanges\":[],\"data\":{}},{\"key\":\"aftpn\",\"text\":\"\",\"type\":\"unstyled\",\"depth\":0,\"inlineStyleRanges\":[],\"entityRanges\":[],\"data\":{}},{\"key\":\"1cfbh\",\"text\":\"В обширном каталоге, который регулярно обновляется, вы найдете как наши и зарубежные новинки, так и \\\"золотые\\\" мировые хиты.\",\"type\":\"unstyled\",\"depth\":0,\"inlineStyleRanges\":[{\"offset\":0,\"length\":123,\"style\":\"BODY\"}],\"entityRanges\":[],\"data\":{}},{\"key\":\"95rsh\",\"text\":\"Зал оснащен высококлассным акустическим оборудованием и караоке системой, благодаря чему каждый хоть чуточку почувствует себя великой звездой!\",\"type\":\"unstyled\",\"depth\":0,\"inlineStyleRanges\":[{\"offset\":0,\"length\":142,\"style\":\"BODY\"}],\"entityRanges\":[],\"data\":{}},{\"key\":\"3galo\",\"text\":\"\",\"type\":\"unstyled\",\"depth\":0,\"inlineStyleRanges\":[],\"entityRanges\":[],\"data\":{}},{\"key\":\"4mf3\",\"text\":\"Мы ждём вас по пятницам, субботам и воскресеньям с 20:00 до 04:00.\",\"type\":\"unstyled\",\"depth\":0,\"inlineStyleRanges\":[{\"offset\":0,\"length\":66,\"style\":\"BODY\"}],\"entityRanges\":[],\"data\":{}},{\"key\":\"d7pjq\",\"text\":\"\",\"type\":\"unstyled\",\"depth\":0,\"inlineStyleRanges\":[],\"entityRanges\":[],\"data\":{}},{\"key\":\"9l5us\",\"text\":\"В вашем распоряжении зал, состоящий из 7 столов с элитными диванчиками, вместительностью до 40 человек.\",\"type\":\"unstyled\",\"depth\":0,\"inlineStyleRanges\":[{\"offset\":0,\"length\":103,\"style\":\"BODY\"}],\"entityRanges\":[],\"data\":{}},{\"key\":\"fuoh4\",\"text\":\"Кроме того, к ваших услугам бар и дымный кальян.\",\"type\":\"unstyled\",\"depth\":0,\"inlineStyleRanges\":[{\"offset\":0,\"length\":48,\"style\":\"BODY\"}],\"entityRanges\":[],\"data\":{}},{\"key\":\"4gq4v\",\"text\":\"\",\"type\":\"unstyled\",\"depth\":0,\"inlineStyleRanges\":[],\"entityRanges\":[],\"data\":{}},{\"key\":\"a2k3o\",\"text\":\"\",\"type\":\"unstyled\",\"depth\":0,\"inlineStyleRanges\":[],\"entityRanges\":[],\"data\":{}}],\"entityMap\":{}}','2020-01-30 14:27:28','2020-01-30 19:24:43'),(74,'Ржевський Project','1580396194089-image.png','Ежедневно с 18:00 до 6:00','от 100 грн',12,14,1,'','{\"blocks\":[{\"key\":\"fiv1k\",\"text\":\"НЕ ПРОПУСТИ\",\"type\":\"header-three\",\"depth\":0,\"inlineStyleRanges\":[{\"offset\":0,\"length\":11,\"style\":\"BODY\"},{\"offset\":0,\"length\":11,\"style\":\"BOLD\"}],\"entityRanges\":[],\"data\":{}},{\"key\":\"9k5bq\",\"text\":\"Ржевский Project неизменно предлагает Вам только самые яркие и незабываемые вечеринки Запорожья!\",\"type\":\"unstyled\",\"depth\":0,\"inlineStyleRanges\":[{\"offset\":0,\"length\":96,\"style\":\"BODY\"}],\"entityRanges\":[],\"data\":{}},{\"key\":\"63fi9\",\"text\":\"Всегда лучшие Dj’s этой планеты в нашем ресторане делают для вас феерические шоу с морем эмоций и энергии до самого утра!\",\"type\":\"unstyled\",\"depth\":0,\"inlineStyleRanges\":[{\"offset\":0,\"length\":121,\"style\":\"BODY\"}],\"entityRanges\":[],\"data\":{}},{\"key\":\"buapg\",\"text\":\"Запасайтесь энергией, ведь мы продумали ваш отдых!\",\"type\":\"unstyled\",\"depth\":0,\"inlineStyleRanges\":[{\"offset\":0,\"length\":50,\"style\":\"BODY\"}],\"entityRanges\":[],\"data\":{}}],\"entityMap\":{}}','2020-01-30 14:57:42','2020-01-30 19:07:49'),(75,'Ресторан \"Луизиана\"','','Пн — Чт 11:00 - 00:00; Пт 11:00 - 01:00; Сб 12:00 - 01:00; Вс 12:00 - 00:00','',NULL,13,1,'','{\"blocks\":[{\"key\":\"1llo7\",\"text\":\"\",\"type\":\"unstyled\",\"depth\":0,\"inlineStyleRanges\":[],\"entityRanges\":[],\"data\":{}}],\"entityMap\":{}}','2020-01-30 15:17:22','2020-01-30 15:17:22'),(76,'CoCo\'S','1580411431057-image.png','ПН-ПТ 11:00-00:00 CБ-ВС 11:00-07:00','от 100 грн',12,14,1,'','{\"blocks\":[{\"key\":\"7mlvt\",\"text\":\"\",\"type\":\"unstyled\",\"depth\":0,\"inlineStyleRanges\":[],\"entityRanges\":[],\"data\":{}}],\"entityMap\":{}}','2020-01-30 19:12:13','2020-01-30 19:22:28');
/*!40000 ALTER TABLE `places` ENABLE KEYS */;
UNLOCK TABLES;

--
-- Table structure for table `prices`
--

DROP TABLE IF EXISTS `prices`;
/*!40101 SET @saved_cs_client     = @@character_set_client */;
/*!50503 SET character_set_client = utf8mb4 */;
CREATE TABLE `prices` (
  `id` int(10) unsigned NOT NULL AUTO_INCREMENT,
  `title` varchar(255) DEFAULT NULL,
  `cost` double DEFAULT NULL,
  `place_id` int(10) unsigned DEFAULT NULL,
  `created_at` datetime DEFAULT NULL,
  `updated_at` datetime DEFAULT NULL,
  PRIMARY KEY (`id`),
  UNIQUE KEY `title` (`title`,`place_id`),
  KEY `prices_place_id_foreign` (`place_id`),
  CONSTRAINT `prices_place_id_foreign` FOREIGN KEY (`place_id`) REFERENCES `places` (`id`) ON DELETE CASCADE
) ENGINE=InnoDB AUTO_INCREMENT=22 DEFAULT CHARSET=utf8 COLLATE=utf8_general_ci;
/*!40101 SET character_set_client = @saved_cs_client */;

--
-- Dumping data for table `prices`
--

LOCK TABLES `prices` WRITE;
/*!40000 ALTER TABLE `prices` DISABLE KEYS */;
INSERT INTO `prices` VALUES (1,'200 шаров',240,10,'2019-11-28 16:04:36','2020-02-02 11:53:36'),(2,'300 шаров',310,10,'2019-11-28 16:20:35','2020-02-02 11:53:36'),(3,'400 шаров',380,10,'2019-11-28 16:20:35','2020-02-02 11:53:36'),(4,'500 шаров',400,10,'2019-11-28 16:20:35','2020-02-02 11:53:36'),(5,'ПН-ЧТ 11:00-16:00',189,48,'2019-12-03 21:23:16','2020-01-29 14:28:49'),(6,'ПН-ЧТ 16:00-21:00',189,48,'2019-12-03 21:23:16','2020-01-29 14:28:49'),(7,'ПН-ЧТ 21:00-00:00',309,48,'2019-12-10 12:22:42','2020-01-29 14:28:49'),(8,'ПН-ЧТ 00:00-2:00',399,48,'2019-12-10 12:22:42','2020-01-29 14:28:49'),(9,'ПТ 11:00-16:00',189,48,'2019-12-10 12:22:42','2020-01-29 14:28:49'),(10,'ПТ 16:00-21:00',289,48,'2019-12-10 12:22:42','2020-01-29 14:28:49'),(11,'ПТ 21:00-00:00',399,48,'2019-12-10 12:22:42','2020-01-29 14:28:49'),(12,'ПТ 00:00-2:00',399,48,'2019-12-10 12:22:42','2020-01-29 14:28:49'),(13,'СБ-ВС 11:00-16:00',289,48,'2019-12-10 12:22:42','2020-01-29 14:28:49'),(14,'СБ-ВС 16:00-21:00',309,48,'2019-12-10 12:22:42','2020-01-29 14:28:49'),(15,'СБ-ВС 21:00-00:00',399,48,'2019-12-10 12:22:42','2020-01-29 14:28:49'),(16,'СБ-ВС 00:00-2:00',399,48,'2019-12-10 12:37:33','2020-01-29 14:28:49'),(19,'для взрослых / час',30,63,'2020-01-29 15:12:39','2020-01-29 15:56:09'),(20,'для детей / час',20,63,'2020-01-29 15:12:39','2020-01-29 15:56:09'),(21,'Взрослый',100,65,'2020-01-29 16:07:30','2020-01-29 16:07:30');
/*!40000 ALTER TABLE `prices` ENABLE KEYS */;
UNLOCK TABLES;

--
-- Table structure for table `ratings`
--

DROP TABLE IF EXISTS `ratings`;
/*!40101 SET @saved_cs_client     = @@character_set_client */;
/*!50503 SET character_set_client = utf8mb4 */;
CREATE TABLE `ratings` (
  `id` int(10) unsigned NOT NULL AUTO_INCREMENT,
  `place_id` int(10) unsigned DEFAULT NULL,
  `user_id` int(10) unsigned DEFAULT NULL,
  `rating` int(11) DEFAULT NULL,
  `created_at` datetime DEFAULT NULL,
  `updated_at` datetime DEFAULT NULL,
  PRIMARY KEY (`id`),
  UNIQUE KEY `ratings_place_id_user_id_unique` (`place_id`,`user_id`),
  KEY `ratings_user_id_foreign` (`user_id`),
  CONSTRAINT `ratings_place_id_foreign` FOREIGN KEY (`place_id`) REFERENCES `places` (`id`) ON DELETE CASCADE,
  CONSTRAINT `ratings_user_id_foreign` FOREIGN KEY (`user_id`) REFERENCES `users` (`id`)
) ENGINE=InnoDB AUTO_INCREMENT=6 DEFAULT CHARSET=utf8 COLLATE=utf8_general_ci;
/*!40101 SET character_set_client = @saved_cs_client */;

--
-- Dumping data for table `ratings`
--

LOCK TABLES `ratings` WRITE;
/*!40000 ALTER TABLE `ratings` DISABLE KEYS */;
/*!40000 ALTER TABLE `ratings` ENABLE KEYS */;
UNLOCK TABLES;

--
-- Table structure for table `requirements`
--

DROP TABLE IF EXISTS `requirements`;
/*!40101 SET @saved_cs_client     = @@character_set_client */;
/*!50503 SET character_set_client = utf8mb4 */;
CREATE TABLE `requirements` (
  `id` int(10) unsigned NOT NULL AUTO_INCREMENT,
  `min_order_amount` int(10) unsigned DEFAULT NULL,
  `age_min` int(10) unsigned DEFAULT NULL,
  `age_max` int(10) unsigned DEFAULT NULL,
  `players_min` int(10) unsigned DEFAULT NULL,
  `players_max` int(10) unsigned DEFAULT NULL,
  `place_id` int(10) unsigned DEFAULT NULL,
  `created_at` datetime DEFAULT NULL,
  `updated_at` datetime DEFAULT NULL,
  PRIMARY KEY (`id`),
  KEY `requirements_place_id_foreign` (`place_id`),
  CONSTRAINT `requirements_place_id_foreign` FOREIGN KEY (`place_id`) REFERENCES `places` (`id`) ON DELETE CASCADE
) ENGINE=InnoDB AUTO_INCREMENT=93 DEFAULT CHARSET=utf8 COLLATE=utf8_general_ci;
/*!40101 SET character_set_client = @saved_cs_client */;

--
-- Dumping data for table `requirements`
--

LOCK TABLES `requirements` WRITE;
/*!40000 ALTER TABLE `requirements` DISABLE KEYS */;
INSERT INTO `requirements` VALUES (1,1440,10,13,6,2,10,'2019-11-24 00:00:00','2020-02-02 11:53:36'),(2,NULL,NULL,NULL,NULL,NULL,11,'2019-11-24 00:00:00','2019-11-24 00:00:00'),(3,NULL,NULL,NULL,NULL,NULL,12,'2019-11-24 00:00:00','2019-11-24 00:00:00'),(4,NULL,NULL,NULL,NULL,NULL,13,'2019-11-24 00:00:00','2019-11-24 00:00:00'),(5,NULL,NULL,NULL,NULL,NULL,14,'2019-11-24 00:00:00','2019-11-24 00:00:00'),(6,NULL,NULL,NULL,NULL,NULL,15,'2019-11-24 00:00:00','2019-11-24 00:00:00'),(7,NULL,NULL,NULL,NULL,NULL,16,'2019-11-24 00:00:00','2019-11-24 00:00:00'),(8,NULL,NULL,NULL,NULL,NULL,19,'2019-11-24 00:00:00','2019-11-24 00:00:00'),(9,NULL,NULL,NULL,NULL,NULL,20,'2019-11-24 00:00:00','2019-11-24 00:00:00'),(10,NULL,NULL,NULL,NULL,NULL,21,'2019-11-24 00:00:00','2019-11-24 00:00:00'),(11,NULL,NULL,NULL,NULL,NULL,22,'2019-11-24 00:00:00','2020-01-29 14:16:28'),(12,NULL,NULL,NULL,NULL,NULL,23,'2019-11-24 00:00:00','2019-11-24 00:00:00'),(13,NULL,NULL,NULL,NULL,NULL,24,'2019-11-24 00:00:00','2019-11-24 00:00:00'),(14,NULL,16,NULL,2,10,25,'2019-11-24 00:00:00','2019-11-24 00:00:00'),(15,NULL,10,NULL,2,8,26,'2019-11-24 00:00:00','2019-11-24 00:00:00'),(16,NULL,14,NULL,2,6,27,'2019-11-24 00:00:00','2019-11-24 00:00:00'),(17,NULL,0,NULL,3,5,28,'2019-11-24 00:00:00','2019-11-24 00:00:00'),(18,NULL,18,NULL,2,4,29,'2019-11-24 00:00:00','2019-11-24 00:00:00'),(19,NULL,10,NULL,2,5,30,'2019-11-24 00:00:00','2019-11-24 00:00:00'),(20,NULL,14,NULL,2,6,31,'2019-11-24 00:00:00','2019-11-24 00:00:00'),(21,NULL,NULL,NULL,NULL,6,32,'2019-11-24 00:00:00','2020-01-18 12:49:00'),(22,NULL,0,NULL,NULL,15,33,'2019-11-24 00:00:00','2019-11-24 00:00:00'),(23,NULL,0,NULL,NULL,6,34,'2019-11-24 00:00:00','2019-11-24 00:00:00'),(24,NULL,0,NULL,NULL,NULL,35,'2019-11-24 00:00:00','2019-11-24 00:00:00'),(25,NULL,0,NULL,NULL,4,36,'2019-11-24 00:00:00','2019-11-24 00:00:00'),(26,NULL,NULL,NULL,NULL,6,37,'2019-11-24 00:00:00','2019-11-24 00:00:00'),(27,NULL,NULL,NULL,NULL,NULL,38,'2019-11-24 00:00:00','2019-11-24 00:00:00'),(28,NULL,NULL,NULL,NULL,NULL,39,'2019-11-24 00:00:00','2019-11-24 00:00:00'),(29,NULL,NULL,NULL,NULL,NULL,40,'2019-11-24 00:00:00','2019-11-24 00:00:00'),(30,NULL,NULL,NULL,NULL,NULL,41,'2019-11-24 00:00:00','2019-11-24 00:00:00'),(31,NULL,NULL,NULL,NULL,NULL,42,'2019-11-24 00:00:00','2019-11-24 00:00:00'),(32,NULL,NULL,NULL,6,NULL,43,'2019-11-24 00:00:00','2019-11-24 00:00:00'),(33,NULL,NULL,NULL,NULL,NULL,44,'2019-11-24 00:00:00','2019-11-24 00:00:00'),(34,NULL,NULL,NULL,NULL,NULL,45,'2019-11-24 00:00:00','2019-11-24 00:00:00'),(35,NULL,NULL,NULL,NULL,NULL,46,'2019-11-24 00:00:00','2019-11-24 00:00:00'),(36,NULL,NULL,NULL,2,NULL,47,'2019-11-24 00:00:00','2019-11-24 00:00:00'),(76,NULL,NULL,NULL,NULL,NULL,48,'2019-12-10 12:15:35','2020-01-29 14:28:49'),(79,30,7,NULL,1,NULL,63,'2020-01-29 15:12:39','2020-01-29 15:56:09'),(81,100,7,NULL,NULL,NULL,65,'2020-01-29 16:07:30','2020-01-29 16:07:30'),(82,1000,18,NULL,NULL,NULL,66,'2020-01-30 11:54:23','2020-01-30 11:54:23'),(87,100,NULL,NULL,NULL,NULL,71,'2020-01-30 13:00:21','2020-01-30 13:36:02'),(88,100,18,NULL,NULL,NULL,72,'2020-01-30 14:08:12','2020-01-30 14:14:29'),(89,NULL,NULL,NULL,NULL,NULL,73,'2020-01-30 14:27:28','2020-01-30 19:27:10'),(90,100,NULL,NULL,NULL,NULL,74,'2020-01-30 14:57:42','2020-01-30 19:07:49'),(91,NULL,NULL,NULL,NULL,NULL,75,'2020-01-30 15:17:22','2020-01-30 15:17:22'),(92,100,NULL,NULL,NULL,NULL,76,'2020-01-30 19:12:13','2020-01-30 19:22:28');
/*!40000 ALTER TABLE `requirements` ENABLE KEYS */;
UNLOCK TABLES;

--
-- Table structure for table `reset_tokens`
--

DROP TABLE IF EXISTS `reset_tokens`;
/*!40101 SET @saved_cs_client     = @@character_set_client */;
/*!50503 SET character_set_client = utf8mb4 */;
CREATE TABLE `reset_tokens` (
  `id` int(10) unsigned NOT NULL AUTO_INCREMENT,
  `user_id` int(10) unsigned DEFAULT NULL,
  `token` varchar(255) NOT NULL,
  `type` varchar(80) NOT NULL,
  `is_revoked` tinyint(1) DEFAULT '0',
  `created_at` datetime DEFAULT NULL,
  `updated_at` datetime DEFAULT NULL,
  PRIMARY KEY (`id`),
  UNIQUE KEY `reset_tokens_token_unique` (`token`),
  KEY `reset_tokens_user_id_foreign` (`user_id`),
  KEY `reset_tokens_token_index` (`token`),
  CONSTRAINT `reset_tokens_user_id_foreign` FOREIGN KEY (`user_id`) REFERENCES `users` (`id`) ON DELETE CASCADE
) ENGINE=InnoDB DEFAULT CHARSET=utf8 COLLATE=utf8_general_ci;
/*!40101 SET character_set_client = @saved_cs_client */;

--
-- Dumping data for table `reset_tokens`
--

LOCK TABLES `reset_tokens` WRITE;
/*!40000 ALTER TABLE `reset_tokens` DISABLE KEYS */;
/*!40000 ALTER TABLE `reset_tokens` ENABLE KEYS */;
UNLOCK TABLES;

--
-- Table structure for table `room_user`
--

DROP TABLE IF EXISTS `room_user`;
/*!40101 SET @saved_cs_client     = @@character_set_client */;
/*!50503 SET character_set_client = utf8mb4 */;
CREATE TABLE `room_user` (
  `id` int(10) unsigned NOT NULL AUTO_INCREMENT,
  `user_id` int(10) unsigned DEFAULT NULL,
  `room_id` int(10) unsigned DEFAULT NULL,
  `last_seen` datetime DEFAULT NULL,
  `is_online` tinyint(1) DEFAULT '0',
  PRIMARY KEY (`id`),
  KEY `room_user_user_id_foreign` (`user_id`),
  KEY `room_user_room_id_foreign` (`room_id`),
  CONSTRAINT `room_user_room_id_foreign` FOREIGN KEY (`room_id`) REFERENCES `rooms` (`id`) ON DELETE CASCADE,
  CONSTRAINT `room_user_user_id_foreign` FOREIGN KEY (`user_id`) REFERENCES `users` (`id`) ON DELETE CASCADE
) ENGINE=InnoDB AUTO_INCREMENT=56 DEFAULT CHARSET=utf8 COLLATE=utf8_general_ci;
/*!40101 SET character_set_client = @saved_cs_client */;

--
-- Dumping data for table `room_user`
--

LOCK TABLES `room_user` WRITE;
/*!40000 ALTER TABLE `room_user` DISABLE KEYS */;
INSERT INTO `room_user` VALUES (1,6,1,NULL,0),(4,3,1,NULL,0),(5,4,1,'2019-10-18 08:59:25',0),(6,5,1,NULL,0),(7,7,1,NULL,0),(8,8,1,NULL,0),(9,9,1,NULL,0),(10,10,1,NULL,0),(11,11,1,NULL,0),(12,6,2,NULL,0),(15,3,2,NULL,0),(16,4,2,'2019-10-18 09:00:15',0),(17,5,2,NULL,0),(18,7,2,NULL,0),(19,8,2,NULL,0),(20,9,2,NULL,0),(21,10,2,NULL,0),(22,11,2,NULL,0),(24,1,4,'2019-10-06 21:14:28',0),(25,1,5,'2019-10-06 23:01:16',0),(26,2,6,'2019-10-11 12:41:55',0),(27,2,7,'2019-10-11 17:30:33',0),(28,2,8,'2019-10-14 17:15:12',0),(29,2,9,'2019-10-15 17:38:47',0),(30,2,10,NULL,0),(31,1,11,NULL,0),(32,1,12,NULL,0),(33,1,13,NULL,0),(34,4,14,NULL,0),(35,4,15,NULL,0),(36,4,16,NULL,0),(37,12,17,NULL,0),(38,12,18,NULL,0),(39,12,19,NULL,0),(40,12,20,NULL,0),(41,12,21,NULL,0),(42,12,22,NULL,0),(43,12,23,NULL,0),(44,12,24,NULL,0),(45,12,25,NULL,0),(46,4,26,NULL,0),(47,4,27,NULL,0),(48,4,28,NULL,0),(49,4,29,NULL,0),(50,4,30,NULL,0),(51,4,36,NULL,0),(52,4,37,NULL,0),(53,4,41,NULL,0),(54,4,42,NULL,0),(55,4,43,NULL,0);
/*!40000 ALTER TABLE `room_user` ENABLE KEYS */;
UNLOCK TABLES;

--
-- Table structure for table `rooms`
--

DROP TABLE IF EXISTS `rooms`;
/*!40101 SET @saved_cs_client     = @@character_set_client */;
/*!50503 SET character_set_client = utf8mb4 */;
CREATE TABLE `rooms` (
  `id` int(10) unsigned NOT NULL AUTO_INCREMENT,
  `title` varchar(255) DEFAULT NULL,
  `invite_token` varchar(255) DEFAULT NULL,
  `place_id` int(10) unsigned DEFAULT NULL,
  `date` date DEFAULT NULL,
  `time` varchar(255) DEFAULT NULL,
  `created_at` datetime DEFAULT NULL,
  `updated_at` datetime DEFAULT NULL,
  PRIMARY KEY (`id`),
  KEY `rooms_place_id_foreign` (`place_id`),
  CONSTRAINT `rooms_place_id_foreign` FOREIGN KEY (`place_id`) REFERENCES `places` (`id`) ON DELETE SET NULL
) ENGINE=InnoDB AUTO_INCREMENT=44 DEFAULT CHARSET=utf8 COLLATE=utf8_general_ci;
/*!40101 SET character_set_client = @saved_cs_client */;

--
-- Dumping data for table `rooms`
--

LOCK TABLES `rooms` WRITE;
/*!40000 ALTER TABLE `rooms` DISABLE KEYS */;
INSERT INTO `rooms` VALUES (1,'Сыграть в Пейнтбол','6bQobOOpAoF0MY4jqL298BiC6dyMtHng',NULL,NULL,NULL,'2019-10-05 23:26:23','2019-10-05 23:26:23'),(2,'Полетать','zydxYpe19La9G3ACnBqOb81qmE4r3P4R',NULL,NULL,NULL,'2019-10-05 23:26:23','2019-10-05 23:26:23'),(3,'Пейнтбол','HOFYoDhezkWP8LwiZn1OEIHGLDw0MAkl',10,NULL,NULL,'2019-10-06 20:46:53','2019-10-06 20:46:53'),(4,'Пейнтбол','6xALcppns7YTS1v2JLrKXjWWdjaVZlwI',10,NULL,NULL,'2019-10-06 21:13:44','2019-10-06 21:13:56'),(5,'Бильярд','NHL6Ou7Rh8SK3HyC2WXpPh8uvRSEIEFC',12,NULL,NULL,'2019-10-06 23:01:08','2019-10-06 23:01:08'),(6,'Пейнтбол','hA3COlGXiNrNUvuUQgaxG826o7aydy1I',10,NULL,NULL,'2019-10-11 12:41:46','2019-10-11 12:41:46'),(7,'Квест комнаты','W478m3dHZyT9Aky53nQ7A7kLYjb2faNz',25,NULL,NULL,'2019-10-11 17:30:20','2019-10-11 17:30:20'),(8,'Пейнтбол','rUH4Ye0v6vBFnXeV15lL9wggqM60eOyX',10,NULL,NULL,'2019-10-12 17:23:51','2019-10-12 17:23:51'),(9,'Пейнтбол','vyyIBNNtyj8icMMObcwKXqU66ZRzezkt',10,NULL,NULL,'2019-10-15 15:26:06','2019-10-15 15:26:06'),(10,'Пейнтбол','NPgWShavdbDJDcJD8Z4LgRFW13SuPvrP',10,NULL,NULL,'2019-10-15 19:06:40','2019-10-15 19:06:40'),(11,'Пейнтбол','9FQwO46cr39UYSzspC0MWCpMSzwZEaE4',10,NULL,NULL,'2019-10-15 19:33:52','2019-10-15 19:33:52'),(12,'Пейнтбол','aBOuuvqQRlJPNqqfQi9TJ8kacVJ15Ib1',10,NULL,NULL,'2019-10-15 22:10:53','2019-10-15 22:10:53'),(13,'Пейнтбол','M8ZvbgplPLxRuJIEdin1MyA95ffPd1MC',10,NULL,NULL,'2019-10-15 22:16:05','2019-10-15 22:16:05'),(14,'Пейнтбол','WbLwquRpfHyqgxQ9EcrzXc7YPgDrNO46',10,NULL,NULL,'2019-10-16 12:55:23','2019-10-16 12:55:23'),(15,'Пейнтбол','UpGvQS88jph0EGsFlAqqKEWBukgWgRxl',10,NULL,NULL,'2019-10-16 12:55:32','2019-10-16 12:55:32'),(16,'Сауны','VKkemBUZFr5wuYoX5d6L1naDtF8iUTAU',33,NULL,NULL,'2019-10-17 18:57:48','2019-10-17 18:57:48'),(17,NULL,'DvPsZDoO1r7ibLzNhPZDKy6B4jWKfPuS',NULL,NULL,NULL,'2019-10-17 20:56:22','2019-10-17 20:56:22'),(18,NULL,'wlSojqm9OfoX2f6GVelQxFcFY821LNTU',NULL,NULL,NULL,'2019-10-17 20:56:22','2019-10-17 20:56:22'),(19,'Идем играть в пейнтбол','RwHuSsfigK0Dqnlkz69KLeXLb36nRWij',NULL,NULL,NULL,'2019-10-17 20:56:30','2019-10-17 20:57:20'),(20,'Пейнтбол','dLhxclex5zTmBhPpQVu0aJTtVy6UZ8cO',10,NULL,NULL,'2019-10-17 20:57:27','2019-10-17 20:57:27'),(21,'Пейнтбол','jJXQZ4EDPgH6gxjwK8xod6wLZEmxrdFI',10,NULL,NULL,'2019-10-17 20:57:29','2019-10-17 20:57:29'),(22,'Пейнтбол','DoBLqp9yYnqUIVIHyYU9iQzlMQJ1WelB',10,NULL,NULL,'2019-10-17 20:57:31','2019-10-17 20:57:31'),(23,'Пейнтбол','PJkUERgx0dPQCFnmtNRKIqnDI8yhd3zW',10,NULL,NULL,'2019-10-17 20:57:33','2019-10-17 20:57:33'),(24,'Пейнтбол','I8NEJulKUThNDkS4HnE1IlhVmOEaTBli',41,NULL,NULL,'2019-10-17 20:57:34','2019-10-18 08:54:07'),(25,NULL,'qV1IpwkQhBzUe14N4HzTxbR4EJ3rr0Y0',NULL,NULL,NULL,'2019-10-18 08:06:57','2019-10-18 08:06:57'),(26,'Компьютерные клубы','WB0EinlbKUE6yk3F8k2DOaYV09UhVWuJ',15,NULL,NULL,'2019-10-18 08:57:08','2019-10-18 08:57:08'),(27,'Тиры','dythXLpQ0Jho5ORauhFLFWe6k5NYLoCV',23,NULL,NULL,'2019-10-18 08:59:44','2019-10-18 08:59:44'),(28,'Бильярд','K9Ua5nruxJJVU1BK52nAgyTipDwyrR9X',11,NULL,NULL,'2019-10-18 09:00:05','2019-10-18 09:00:05'),(29,'Бильярд','o75SvYuQd4VzId3sNfGjQw4AYJJqbk2J',11,NULL,NULL,'2019-10-18 09:00:15','2019-10-18 09:00:15'),(30,NULL,'tQRayTf4NzVx80gVEYZqD2svdGRgOdgZ',NULL,NULL,NULL,'2019-10-18 12:19:25','2019-10-18 12:19:25'),(31,'Пейнтбол','5DwpZV2SKW7V3FkIQHiGQR0OX2WFshdd',10,NULL,NULL,'2019-10-27 21:54:55','2019-10-27 21:54:55'),(32,'Пейнтбол','QtyfyDrKtLxftIlEFjIcLIxy03AhXcbU',10,NULL,NULL,'2019-10-27 21:56:17','2019-10-27 21:56:17'),(33,'Пейнтбол','78ycfGSDsZlbbxmDNUi5kfjsLPRuDnmc',10,NULL,NULL,'2019-10-27 21:56:17','2019-10-27 21:56:17'),(34,'Пейнтбол','llHH75ml0fxa98TM5RDnfPbm3cJO2PEU',10,NULL,NULL,'2019-10-27 21:56:17','2019-10-27 21:56:17'),(35,'Сауны','1l5nHhrYd8aVgvtZCW6woAv11qsqTaix',33,NULL,NULL,'2019-10-27 22:13:31','2019-10-27 22:13:31'),(36,'Пейнтбол','BDJQfp5mQuWW9mOvqKfLIwCNENGmenlG',40,NULL,NULL,'2019-10-28 05:21:42','2019-10-28 05:21:42'),(37,'Пейнтбол','eOxnbqK9awkzJavP8UeMi2AbYcqr4hQY',40,NULL,NULL,'2019-10-28 05:21:46','2019-10-28 05:21:46'),(38,'Пейнтбол','Zdru10E87ktDwckilQt4ZJ41xUnzY6bh',10,NULL,NULL,'2019-10-28 05:41:50','2019-10-28 05:41:50'),(39,'Пейнтбол','FT3aAgc33oIG2s7zXANQiPBQOyD7krfP',41,NULL,NULL,'2019-10-28 11:29:27','2019-10-28 11:29:27'),(40,'Пейнтбол','fbMBdiT726R6DnCdP6YXUzaPWUmbl11b',41,NULL,NULL,'2019-10-28 11:29:27','2019-10-28 11:29:27'),(41,'Компьютерные клубы','Qu9wJCncue9LZTmODk1vxcVCDNd6ozti',16,NULL,NULL,'2019-10-30 16:48:18','2019-10-30 16:48:18'),(42,'Пейнтбол','iLtJZk84eXAVepAGRX7MaqAa7CMb8nvL',41,NULL,NULL,'2019-11-04 08:51:08','2019-11-04 08:51:08'),(43,'Пейнтбол','wGAZjVONNAslFlfUdJvA0qtGjbOJXKVN',41,NULL,NULL,'2019-11-04 08:51:12','2019-11-04 08:51:12');
/*!40000 ALTER TABLE `rooms` ENABLE KEYS */;
UNLOCK TABLES;

--
-- Table structure for table `socials`
--

DROP TABLE IF EXISTS `socials`;
/*!40101 SET @saved_cs_client     = @@character_set_client */;
/*!50503 SET character_set_client = utf8mb4 */;
CREATE TABLE `socials` (
  `id` int(10) unsigned NOT NULL AUTO_INCREMENT,
  `user_id` int(10) unsigned DEFAULT NULL,
  `provider_id` varchar(255) DEFAULT NULL,
  `provider` varchar(255) DEFAULT NULL,
  `created_at` datetime DEFAULT NULL,
  `updated_at` datetime DEFAULT NULL,
  PRIMARY KEY (`id`),
  KEY `socials_user_id_foreign` (`user_id`),
  CONSTRAINT `socials_user_id_foreign` FOREIGN KEY (`user_id`) REFERENCES `users` (`id`) ON DELETE CASCADE
) ENGINE=InnoDB AUTO_INCREMENT=2 DEFAULT CHARSET=utf8 COLLATE=utf8_general_ci;
/*!40101 SET character_set_client = @saved_cs_client */;

--
-- Dumping data for table `socials`
--

LOCK TABLES `socials` WRITE;
/*!40000 ALTER TABLE `socials` DISABLE KEYS */;
INSERT INTO `socials` VALUES (1,12,'117091234537766205437','google','2019-10-17 18:59:06','2019-10-17 18:59:06');
/*!40000 ALTER TABLE `socials` ENABLE KEYS */;
UNLOCK TABLES;

--
-- Table structure for table `tokens`
--

DROP TABLE IF EXISTS `tokens`;
/*!40101 SET @saved_cs_client     = @@character_set_client */;
/*!50503 SET character_set_client = utf8mb4 */;
CREATE TABLE `tokens` (
  `id` int(10) unsigned NOT NULL AUTO_INCREMENT,
  `user_id` int(10) unsigned DEFAULT NULL,
  `token` varchar(255) NOT NULL,
  `type` varchar(80) NOT NULL,
  `is_revoked` tinyint(1) DEFAULT '0',
  `created_at` datetime DEFAULT NULL,
  `updated_at` datetime DEFAULT NULL,
  PRIMARY KEY (`id`),
  UNIQUE KEY `tokens_token_unique` (`token`),
  KEY `tokens_user_id_foreign` (`user_id`),
  KEY `tokens_token_index` (`token`),
  CONSTRAINT `tokens_user_id_foreign` FOREIGN KEY (`user_id`) REFERENCES `users` (`id`) ON DELETE CASCADE
) ENGINE=InnoDB AUTO_INCREMENT=45 DEFAULT CHARSET=utf8 COLLATE=utf8_general_ci;
/*!40101 SET character_set_client = @saved_cs_client */;

--
-- Dumping data for table `tokens`
--

LOCK TABLES `tokens` WRITE;
/*!40000 ALTER TABLE `tokens` DISABLE KEYS */;
INSERT INTO `tokens` VALUES (20,12,'1e672122-c5b6-4e92-9052-d93bb3a66ff7','jwt_refresh_token',0,'2019-11-10 13:34:18','2019-11-10 13:34:18'),(21,12,'26c131cd-8e98-4195-8a67-d579efb18872','jwt_refresh_token',0,'2019-11-16 01:32:26','2019-11-16 01:32:26'),(22,12,'d3d4bbf8-89ea-4431-b1b3-4e5b7f06f1c4','jwt_refresh_token',0,'2019-11-25 01:19:19','2019-11-25 01:19:19'),(23,12,'5a49640c-9f2d-410d-bd9e-0a249fd5b2fb','jwt_refresh_token',0,'2019-11-25 14:53:58','2019-11-25 14:53:58'),(24,12,'43787c13-a031-41cc-9cd2-e2d060c0f762','jwt_refresh_token',0,'2019-11-25 14:54:31','2019-11-25 14:54:31'),(25,12,'6c520344-bcbf-4613-b0fc-17901a49d736','jwt_refresh_token',0,'2019-12-02 19:28:04','2019-12-02 19:28:04'),(26,12,'aae44f2f-bf81-49c7-a0e8-4bda8385609f','jwt_refresh_token',0,'2019-12-03 21:08:04','2019-12-03 21:08:04'),(27,12,'1ad39835-bddd-4138-9db1-a48f9dc1f3e9','jwt_refresh_token',0,'2019-12-03 21:08:31','2019-12-03 21:08:31'),(28,12,'3a57124f-a241-4a94-a658-f934b102091a','jwt_refresh_token',0,'2019-12-03 21:09:15','2019-12-03 21:09:15'),(29,12,'9dcef0ad-aab1-4abd-ac4f-e49443279769','jwt_refresh_token',0,'2019-12-03 21:09:19','2019-12-03 21:09:19'),(30,12,'f4b3b081-b819-4635-933b-f15a0bdb3f39','jwt_refresh_token',0,'2019-12-03 21:09:39','2019-12-03 21:09:39'),(31,12,'f3a9df7e-4544-4368-a4fc-713238bfdb98','jwt_refresh_token',0,'2019-12-08 21:08:01','2019-12-08 21:08:01'),(32,12,'ca394801-26d3-4715-9577-0bff3d90e2fb','jwt_refresh_token',0,'2019-12-08 21:08:03','2019-12-08 21:08:03'),(33,12,'7555aa45-2815-4176-b2c0-980d4378a3c7','jwt_refresh_token',0,'2019-12-08 21:08:44','2019-12-08 21:08:44'),(34,12,'cbffb5bf-16c4-4302-a3be-8989f12298e7','jwt_refresh_token',0,'2019-12-09 14:07:00','2019-12-09 14:07:00'),(35,12,'7a75de4c-0544-4c92-83b8-29431f1092c7','jwt_refresh_token',0,'2019-12-23 12:08:34','2019-12-23 12:08:34'),(36,12,'32ac6641-1d11-4e58-9f92-051b9bf160ca','jwt_refresh_token',0,'2020-01-21 14:22:55','2020-01-21 14:22:55'),(37,12,'85b53a38-e86d-42dd-a9ff-13244c68f6ed','jwt_refresh_token',0,'2020-01-28 13:38:31','2020-01-28 13:38:31'),(38,12,'edc115d5-c8a9-408c-a6fe-6b2e1fd72cd0','jwt_refresh_token',0,'2020-01-28 13:41:58','2020-01-28 13:41:58'),(39,12,'c24fc81c-4d78-402e-bb82-472926334477','jwt_refresh_token',0,'2020-01-28 13:46:04','2020-01-28 13:46:04'),(40,12,'7e256344-37fd-4fea-a336-7ff62fb8e25e','jwt_refresh_token',0,'2020-01-28 22:48:38','2020-01-28 22:48:38'),(41,13,'7oXQijoF3bzd5t0PFQYhVd7ktwz9Lgnf','email',0,'2020-01-30 13:10:25','2020-01-30 13:10:25'),(42,13,'deab94ec-0dfd-4ca6-893b-92a1cc4e55a7','jwt_refresh_token',0,'2020-01-30 13:10:25','2020-01-30 13:10:25'),(43,13,'214d90bc-2035-4a1b-b039-ea435682e7ea','jwt_refresh_token',0,'2020-01-30 13:25:34','2020-01-30 13:25:34'),(44,12,'89d4719c-f57a-49ac-accb-813202fa18c6','jwt_refresh_token',0,'2020-01-30 13:40:26','2020-01-30 13:40:26');
/*!40000 ALTER TABLE `tokens` ENABLE KEYS */;
UNLOCK TABLES;

--
-- Table structure for table `users`
--

DROP TABLE IF EXISTS `users`;
/*!40101 SET @saved_cs_client     = @@character_set_client */;
/*!50503 SET character_set_client = utf8mb4 */;
CREATE TABLE `users` (
  `id` int(10) unsigned NOT NULL AUTO_INCREMENT,
  `name` varchar(254) NOT NULL,
  `email` varchar(254) NOT NULL,
  `phone` varchar(60) DEFAULT NULL,
  `password` varchar(60) DEFAULT NULL,
  `avatar_url` varchar(254) DEFAULT NULL,
  `is_active` tinyint(1) DEFAULT '0',
  `is_superadmin` tinyint(1) DEFAULT '0',
  `created_at` datetime DEFAULT NULL,
  `updated_at` datetime DEFAULT NULL,
  PRIMARY KEY (`id`),
  UNIQUE KEY `users_email_unique` (`email`),
  UNIQUE KEY `users_phone_unique` (`phone`)
) ENGINE=InnoDB AUTO_INCREMENT=14 DEFAULT CHARSET=utf8 COLLATE=utf8_general_ci;
/*!40101 SET character_set_client = @saved_cs_client */;

--
-- Dumping data for table `users`
--

LOCK TABLES `users` WRITE;
/*!40000 ALTER TABLE `users` DISABLE KEYS */;
INSERT INTO `users` VALUES (2,'Aleksey Lukovka','lukerlexa@gmail.com','+380990848975','$2a$10$JiuMcC7ld6CvZRtwU9m7POkbnanYBCAP4.oHBHFmcf/eK3GgdeJhK','/images/dummy/aleksey.jpeg',1,1,'2019-10-05 23:26:22','2019-10-05 23:26:22'),(12,'Pavel Kostyuk','kostyk.pavel.09@gmail.com','+380683188524','$2a$10$D8T6RL7Ni5tNvxtI5xRHKuouojQYaBua4Vb0vFcqywf/mOa5PEUaS','https://lh3.googleusercontent.com/a-/AAuE7mBa4fRQ5qjZE93hnNAY4s4YfWgWlYCcXkQb2fk=s96-c',1,1,'2019-10-17 18:59:06','2019-10-17 18:59:06'),(13,'Anna Forostanova','aforostanova@gmail.com','+380971766808','$2a$10$4Tf84QCxd1Z6NySzgm7vpugWBgEHqVx6hyN.lEiT4DY.S8zTxdms6',NULL,1,1,'2020-01-30 13:10:25','2020-01-30 13:10:25');
/*!40000 ALTER TABLE `users` ENABLE KEYS */;
UNLOCK TABLES;
/*!40103 SET TIME_ZONE=@OLD_TIME_ZONE */;

/*!40101 SET SQL_MODE=@OLD_SQL_MODE */;
/*!40014 SET FOREIGN_KEY_CHECKS=@OLD_FOREIGN_KEY_CHECKS */;
/*!40014 SET UNIQUE_CHECKS=@OLD_UNIQUE_CHECKS */;
/*!40101 SET CHARACTER_SET_CLIENT=@OLD_CHARACTER_SET_CLIENT */;
/*!40101 SET CHARACTER_SET_RESULTS=@OLD_CHARACTER_SET_RESULTS */;
/*!40101 SET COLLATION_CONNECTION=@OLD_COLLATION_CONNECTION */;
/*!40111 SET SQL_NOTES=@OLD_SQL_NOTES */;

-- Dump completed on 2020-02-03 16:53:29
